check,count,severity
duplicate_batting_rows,0,CRITICAL
duplicate_bowling_rows,0,CRITICAL
duplicate_delivery_ids,0,CRITICAL
impossible_run_rate_rows,0,CRITICAL
innings_over_400_runs,0,CRITICAL
bowling_innings_over_10_wkts,0,CRITICAL
ducks_not_dismissed,0,CRITICAL
team_innings_over_10_dismissals,0,CRITICAL
matches_dated_in_future,0,CRITICAL
match_ids_in_more_than_one_format,0,CRITICAL
duplicate_match_info_rows,0,CRITICAL
bowling_innings_over_overs_cap,73,WARNING
matches_with_unknown_gender,0,WARNING
names_in_both_mens_and_womens_matches,23,WARNING
decisive_matches_without_toss_info,0,WARNING
strike_rate_outlier_innings_(info),93,INFO
