team,format,gender,elo,form,matches_played
England,ODI,male,1653.8,0.5,420
Sri Lanka,ODI,male,1625.5,0.5,461
India,ODI,male,1772.8,0.5,497
Australia,Test,male,1725.0,0.731,193
England,Test,male,1615.6,0.5,223
South Africa,Test,male,1653.7,0.808,161
Pakistan,Test,male,1432.5,0.269,133
New Zealand,ODI,male,1734.0,0.577,374
Australia,ODI,male,1700.1,0.5,454
West Indies,ODI,male,1535.6,0.269,370
South Africa,ODI,male,1680.1,0.5,374
Zimbabwe,ODI,male,1422.8,0.423,268
Namibia,ODI,male,1417.5,0.423,75
Pakistan,ODI,male,1673.0,0.654,406
Canada,ODI,male,1298.9,0.192,65
Bangladesh,ODI,male,1589.6,0.577,323
Kenya,ODI,male,1386.6,0.346,39
Netherlands,ODI,male,1448.0,0.5,91
West Indies,Test,male,1381.9,0.269,133
Bangladesh,Test,male,1379.3,0.577,110
Zimbabwe,Test,male,1211.1,0.269,47
Sri Lanka,Test,male,1496.8,0.423,139
New Zealand,Test,male,1620.1,0.731,136
India,Test,male,1642.6,0.5,165
United States of America,ODI,male,1482.6,0.577,75
New Zealand,T20I,male,1664.4,0.423,242
Australia,T20I,male,1724.0,0.5,217
England,T20I,male,1788.7,0.808,216
Africa XI,ODI,male,1460.5,0.357,4
Asia XI,ODI,male,1539.5,0.643,4
Australia,Test,female,1563.3,0.625,9
England,Test,female,1429.3,0.346,10
ICC World XI,ODI,male,1484.3,0.3,2
ICC World XI,Test,male,1484.0,0.375,1
South Africa,T20I,male,1691.6,0.654,227
Ireland,ODI,male,1452.3,0.5,122
Sri Lanka,T20I,male,1534.7,0.269,218
Pakistan,T20I,male,1702.6,0.654,274
Bermuda,ODI,male,1358.7,0.269,12
India,T20I,male,1796.0,0.423,264
South Africa,ODI,female,1593.4,0.577,145
Pakistan,ODI,female,1446.0,0.5,107
Scotland,ODI,male,1524.6,0.654,112
New Zealand,ODI,female,1548.4,0.577,113
Australia,ODI,female,1882.9,0.808,124
West Indies,T20I,male,1600.9,0.654,229
Kenya,T20I,male,1675.2,0.808,107
Bangladesh,T20I,male,1559.4,0.5,195
Scotland,T20I,male,1553.8,0.423,92
Zimbabwe,T20I,male,1575.0,0.269,178
Netherlands,ODI,female,1406.4,0.423,16
Ireland,ODI,female,1403.4,0.192,63
Royal Challengers Bangalore,IPL,male,1542.0,0.5,234
Kolkata Knight Riders,IPL,male,1522.4,0.5,271
Kings XI Punjab,IPL,male,1468.9,0.423,186
Chennai Super Kings,IPL,male,1478.8,0.5,264
Delhi Daredevils,IPL,male,1461.3,0.423,158
Rajasthan Royals,IPL,male,1522.6,0.5,245
Mumbai Indians,IPL,male,1474.4,0.346,287
Deccan Chargers,IPL,male,1433.2,0.423,75
Sri Lanka,ODI,female,1441.3,0.654,86
India,ODI,female,1659.6,0.423,126
United Arab Emirates,ODI,male,1349.8,0.5,116
Hong Kong,ODI,male,1398.8,0.346,16
Bermuda,T20I,male,1665.1,0.731,48
Ireland,T20I,male,1568.3,0.654,146
Netherlands,T20I,male,1559.5,0.423,112
England,ODI,female,1692.2,0.654,139
India,T20I,female,1740.7,0.731,172
New Zealand,T20I,female,1648.3,0.5,132
England,T20I,female,1802.4,0.731,177
Australia,T20I,female,1890.1,0.885,151
West Indies,ODI,female,1447.7,0.423,99
South Africa,T20I,female,1671.1,0.731,155
West Indies,T20I,female,1592.1,0.5,137
Canada,T20I,male,1611.6,0.654,72
Kochi Tuskers Kerala,IPL,male,1474.3,0.423,14
Pune Warriors,IPL,male,1365.0,0.269,45
Sydney Sixers,BBL,male,1586.5,0.654,166
Brisbane Heat,BBL,male,1506.6,0.5,160
Melbourne Stars,BBL,male,1464.2,0.5,164
Sydney Thunder,BBL,male,1442.8,0.269,155
Adelaide Strikers,BBL,male,1453.1,0.423,161
Melbourne Renegades,BBL,male,1395.7,0.346,157
Perth Scorchers,BBL,male,1605.4,0.731,172
Hobart Hurricanes,BBL,male,1545.8,0.577,159
Pakistan,T20I,female,1533.8,0.5,155
Sri Lanka,T20I,female,1656.2,0.731,140
Bangladesh,T20I,female,1567.4,0.5,126
Sunrisers Hyderabad,IPL,male,1532.9,0.654,206
Ireland,T20I,female,1675.9,0.5,128
Barbados Tridents,CPL,male,1491.6,0.5,88
St Lucia Zouks,CPL,male,1494.6,0.577,53
Guyana Amazon Warriors,CPL,male,1654.7,0.731,153
Trinidad & Tobago Red Steel,CPL,male,1576.5,0.654,29
Antigua Hawksbills,CPL,male,1381.1,0.192,15
Jamaica Tallawahs,CPL,male,1515.6,0.423,115
Bangladesh,ODI,female,1401.0,0.269,56
Hong Kong,T20I,male,1590.7,0.577,118
Nepal,T20I,male,1671.6,0.577,110
United Arab Emirates,T20I,male,1632.7,0.5,127
India,Test,female,1564.3,0.722,6
St Kitts and Nevis Patriots,CPL,male,1408.0,0.423,116
Papua New Guinea,T20I,male,1585.6,0.577,63
Oman,T20I,male,1527.4,0.346,104
Islamabad United,PSL,male,1506.7,0.577,122
Quetta Gladiators,PSL,male,1490.1,0.346,112
Lahore Qalandars,PSL,male,1533.7,0.5,113
Karachi Kings,PSL,male,1466.1,0.5,111
Peshawar Zalmi,PSL,male,1598.8,0.808,122
Rising Pune Supergiants,IPL,male,1465.1,0.423,14
Gujarat Lions,IPL,male,1479.6,0.346,29
Trinbago Knight Riders,CPL,male,1522.2,0.346,124
Papua New Guinea,ODI,male,1237.0,0.269,55
Rising Pune Supergiant,IPL,male,1588.3,0.654,16
St Lucia Stars,CPL,male,1371.9,0.346,18
ICC World XI,T20I,male,1481.0,0.357,4
Multan Sultans,PSL,male,1488.7,0.5,97
Ireland,Test,male,1357.4,0.269,11
Malaysia,T20I,female,1488.8,0.5,95
Thailand,T20I,female,1709.9,0.577,125
Uganda,T20I,female,1651.2,0.577,98
Scotland,T20I,female,1650.7,0.5,85
Netherlands,T20I,female,1631.5,0.192,93
United Arab Emirates,T20I,female,1708.7,0.654,110
Papua New Guinea,T20I,female,1621.3,0.5,52
Botswana,T20I,female,1478.6,0.5,60
Lesotho,T20I,female,1291.4,0.346,25
Malawi,T20I,female,1406.6,0.423,38
Namibia,T20I,female,1564.2,0.5,105
Sierra Leone,T20I,female,1488.2,0.423,39
Mozambique,T20I,female,1389.1,0.423,39
Nepal,ODI,male,1430.5,0.5,87
China,T20I,female,1482.2,0.346,40
Kuwait,T20I,female,1438.3,0.5,54
Hong Kong,T20I,female,1568.9,0.269,101
Nepal,T20I,female,1583.3,0.577,94
United States of America,T20I,male,1624.8,0.654,52
Philippines,T20I,male,1473.2,0.577,42
Vanuatu,T20I,male,1410.2,0.269,37
Delhi Capitals,IPL,male,1520.0,0.5,114
Oman,ODI,male,1404.0,0.346,68
Zimbabwe,T20I,female,1487.9,0.115,80
Nigeria,T20I,female,1549.3,0.5,49
Tanzania,T20I,female,1555.3,0.192,55
Vanuatu,T20I,female,1537.1,0.269,33
Indonesia,T20I,female,1614.9,0.5,49
Japan,T20I,female,1539.0,0.5,46
Fiji,T20I,female,1426.7,0.423,16
Rwanda,T20I,female,1673.9,0.731,81
Kenya,T20I,female,1536.7,0.346,47
Samoa,T20I,female,1442.3,0.5,18
United States of America,T20I,female,1603.8,0.654,51
Canada,T20I,female,1435.9,0.269,28
Ghana,T20I,male,1490.1,0.654,41
Namibia,T20I,male,1591.8,0.577,97
Uganda,T20I,male,1799.3,0.808,109
Botswana,T20I,male,1488.0,0.269,63
Nigeria,T20I,male,1566.8,0.5,93
Germany,T20I,male,1622.4,0.577,70
Italy,T20I,male,1577.1,0.423,38
Guernsey,T20I,male,1576.9,0.577,40
Denmark,T20I,male,1574.9,0.731,48
Jersey,T20I,male,1664.9,0.808,49
Norway,T20I,male,1519.9,0.423,56
Mali,T20I,female,1478.7,0.375,1
Malaysia,T20I,male,1606.9,0.5,116
Thailand,T20I,male,1408.7,0.269,62
Maldives,T20I,male,1353.3,0.423,37
Germany,T20I,female,1625.7,0.654,58
Singapore,T20I,male,1474.6,0.577,72
Qatar,T20I,male,1563.3,0.577,56
Kuwait,T20I,male,1571.8,0.423,67
Cayman Islands,T20I,male,1557.4,0.731,41
Singapore,T20I,female,1342.7,0.269,52
South Korea,T20I,female,1423.6,0.214,4
Spain,T20I,male,1724.6,0.808,46
Portugal,T20I,male,1684.8,0.885,45
Gibraltar,T20I,male,1339.4,0.192,56
Maldives,T20I,female,1409.2,0.167,6
Bhutan,T20I,male,1391.3,0.577,43
Oman,T20I,female,1560.9,0.654,42
Saudi Arabia,T20I,male,1544.2,0.577,48
Bahrain,T20I,male,1633.6,0.5,110
Iran,T20I,male,1478.8,0.375,1
Austria,T20I,female,1459.4,0.5,19
Isle of Man,T20I,male,1509.7,0.5,25
Belgium,T20I,male,1590.1,0.731,44
Luxembourg,T20I,male,1382.5,0.346,48
Czech Republic,T20I,male,1488.6,0.423,42
Bulgaria,T20I,male,1348.6,0.192,55
Romania,T20I,male,1586.7,0.654,72
Punjab Kings,IPL,male,1515.6,0.423,85
Austria,T20I,male,1635.3,0.654,81
Greece,T20I,male,1339.1,0.115,13
Serbia,T20I,male,1328.1,0.115,38
Malta,T20I,male,1444.9,0.654,76
France,T20I,female,1368.3,0.269,20
France,T20I,male,1559.4,0.654,50
Sweden,T20I,male,1538.4,0.577,47
Rwanda,T20I,male,1517.0,0.5,113
Finland,T20I,male,1490.7,0.423,44
Barbados Royals,CPL,male,1490.6,0.269,52
St Lucia Kings,CPL,male,1541.4,0.423,63
Norway,T20I,female,1450.7,0.5,25
Sweden,T20I,female,1562.9,0.577,19
Hungary,T20I,male,1441.9,0.269,47
Eswatini,T20I,female,1232.1,0.115,20
Cameroon,T20I,female,1348.5,0.423,25
Estonia,T20I,male,1409.5,0.346,34
Cyprus,T20I,male,1466.6,0.269,41
Zimbabwe,ODI,female,1366.1,0.269,32
Seychelles,T20I,male,1365.9,0.192,16
Malawi,T20I,male,1455.5,0.5,45
Lesotho,T20I,male,1303.5,0.192,21
Swaziland,T20I,male,1409.9,0.188,5
Argentina,T20I,female,1422.6,0.5,21
Brazil,T20I,female,1584.1,0.731,39
Sierra Leone,T20I,male,1372.8,0.269,52
Switzerland,T20I,male,1550.6,0.5,37
Tanzania,T20I,male,1631.9,0.654,71
Mozambique,T20I,male,1432.4,0.5,27
Cameroon,T20I,male,1380.0,0.5,21
Belize,T20I,male,1394.0,0.346,15
Bahamas,T20I,male,1437.6,0.269,31
Argentina,T20I,male,1560.8,0.654,29
Panama,T20I,male,1442.1,0.654,29
Qatar,T20I,female,1356.9,0.269,43
Bhutan,T20I,female,1406.0,0.5,37
Saudi Arabia,T20I,female,1290.2,0.115,13
Bahrain,T20I,female,1268.5,0.115,35
Lucknow Super Giants,IPL,male,1477.1,0.269,70
Gujarat Titans,IPL,male,1568.6,0.654,77
Jersey,T20I,female,1537.9,0.577,22
Guernsey,T20I,female,1425.4,0.318,8
Israel,T20I,male,1428.5,0.346,17
Turkey,T20I,male,1318.4,0.192,24
Croatia,T20I,male,1360.8,0.269,33
Slovenia,T20I,male,1290.6,0.115,19
Barbados,T20I,female,1495.3,0.417,3
Cook Islands,T20I,male,1499.8,0.423,22
Fiji,T20I,male,1411.4,0.346,16
Samoa,T20I,male,1419.2,0.423,29
Japan,T20I,male,1649.4,0.731,55
Indonesia,T20I,male,1458.8,0.346,108
South Korea,T20I,male,1371.2,0.423,23
Spain,T20I,female,1534.8,0.577,11
Mali,T20I,male,1297.8,0.192,15
St Helena,T20I,male,1361.9,0.192,12
Thailand,ODI,female,1483.8,0.423,17
Gambia,T20I,male,1387.8,0.208,9
Eswatini,T20I,male,1469.1,0.5,22
Cambodia,T20I,female,1340.0,0.15,7
Mumbai Indians,WPL,female,1547.2,0.5,37
Gujarat Giants,WPL,female,1454.8,0.5,34
Delhi Capitals,WPL,female,1548.3,0.5,37
Royal Challengers Bangalore,WPL,female,1478.5,0.577,18
UP Warriorz,WPL,female,1414.5,0.346,32
Ghana,T20I,female,1451.5,0.25,3
Jersey,ODI,male,1439.3,0.357,4
Italy,T20I,female,1594.1,0.423,34
Turkey,T20I,female,1535.3,0.731,16
China,T20I,male,1358.4,0.192,11
Myanmar,T20I,male,1315.8,0.346,30
Greece,T20I,female,1362.4,0.269,32
Isle of Man,T20I,female,1539.5,0.423,19
Malta,T20I,female,1436.6,0.269,10
Romania,T20I,female,1501.5,0.542,9
Myanmar,T20I,female,1519.3,0.423,37
Denmark,T20I,female,1493.9,0.5,23
Cook Islands,T20I,female,1363.4,0.269,13
Mongolia,T20I,male,1303.6,0.115,13
Chile,T20I,female,1412.6,0.214,4
Scotland,ODI,female,1495.5,0.577,15
Chile,T20I,male,1456.7,0.3,2
Mexico,T20I,male,1449.0,0.423,31
Cambodia,T20I,male,1394.8,0.192,36
South Africa,Test,female,1443.1,0.25,3
Royal Challengers Bengaluru,IPL,male,1609.7,0.654,46
Papua New Guinea,ODI,female,1350.0,0.269,15
United States of America,ODI,female,1426.0,0.375,9
Costa Rica,T20I,male,1351.2,0.269,12
Gibraltar,T20I,female,1520.7,0.577,11
Estonia,T20I,female,1413.8,0.577,18
Mongolia,T20I,female,1302.0,0.192,18
Czech Republic,T20I,female,1419.3,0.577,26
Croatia,T20I,female,1533.1,0.625,9
Cyprus,T20I,female,1666.8,0.808,19
Serbia,T20I,female,1456.0,0.577,18
Antigua and Barbuda Falcons,CPL,male,1547.2,0.577,29
Luxembourg,T20I,female,1409.0,0.423,14
Brazil,T20I,male,1431.6,0.5,22
Bulgaria,T20I,female,1256.3,0.192,21
Costa Rica,T20I,female,1498.6,0.5,4
Mexico,T20I,female,1537.7,0.7,2
Ivory Coast,T20I,male,1306.1,0.115,11
Suriname,T20I,male,1385.1,0.269,14
Philippines,T20I,female,1369.6,0.269,20
Royal Challengers Bengaluru,WPL,female,1556.7,0.731,16
Portugal,T20I,female,1507.6,0.625,9
Turks and Caicos Island,T20I,male,1444.7,0.357,4
Belgium,T20I,female,1306.1,0.192,13
Switzerland,T20I,female,1553.1,0.5,16
Finland,T20I,female,1438.3,0.346,10
United Arab Emirates,ODI,female,1456.2,0.5,8
Timor-Leste,T20I,male,1328.4,0.136,8
Zambia,T20I,male,1499.7,0.577,15
Hyderabad Kingsmen,PSL,male,1531.9,0.654,13
Rawalpindiz,PSL,male,1384.0,0.192,10
Zambia,T20I,female,1343.9,0.15,7
Uzbekistan,T20I,male,1410.0,0.214,4
Jamaica Kingsmen,CPL,male,1504.5,0.5,11
Peru,T20I,male,1453.1,0.3,2
