bowler,format,cluster,wickets,economy,average,dot_pct
JM Anderson,Test,2,705,2.77,25.54,78.76
SCJ Broad,Test,2,616,2.97,27.14,77.37
NM Lyon,Test,2,592,2.95,29.14,73.87
R Ashwin,Test,2,553,2.84,23.2,74.75
MA Starc,Test,2,461,3.42,25.22,73.93
DW Steyn,Test,2,439,3.2,22.01,76.13
HMRKB Herath,Test,2,416,2.78,26.28,73.51
TG Southee,Test,2,400,3.02,29.58,77.17
RA Jadeja,Test,2,358,2.58,25.06,76.65
K Rabada,Test,2,351,3.3,21.35,75.46
SL Malinga,ODI,2,343,5.33,26.97,55.23
PJ Cummins,Test,2,328,2.87,21.51,76.83
TA Boult,Test,2,323,3.0,26.99,77.52
MG Johnson,Test,2,320,3.32,27.79,74.8
M Morkel,Test,2,317,3.06,26.97,77.02
I Sharma,Test,2,312,3.1,32.16,74.98
KAJ Roach,Test,2,309,3.07,26.39,76.31
JR Hazlewood,Test,2,309,2.77,23.53,78.6
B Lee,ODI,2,281,4.64,21.85,61.13
Shakib Al Hasan,ODI,2,279,4.59,29.17,53.52
Taijul Islam,Test,2,272,3.06,29.49,72.28
JM Anderson,ODI,2,268,4.96,27.32,60.68
N Wagner,Test,2,265,3.11,27.05,75.54
GP Swann,Test,2,264,2.99,28.95,73.87
Shahid Afridi,ODI,2,259,4.66,30.69,49.98
BA Stokes,Test,2,256,3.29,30.5,73.43
MA Starc,ODI,2,253,5.26,22.74,58.95
Yasir Shah,Test,2,252,3.22,30.38,71.03
M Muralitharan,Test,2,252,2.78,22.03,74.48
RA Jadeja,ODI,2,246,4.91,34.52,49.99
AU Rashid,ODI,2,244,5.61,30.3,45.13
MG Johnson,ODI,2,243,4.81,23.83,59.7
B Kumar,IPL,6,243,7.69,24.33,43.44
YS Chahal,IPL,6,242,8.03,22.38,33.98
Harbhajan Singh,Test,2,240,2.9,35.06,72.23
JJ Bumrah,Test,2,239,2.74,19.38,77.98
Shakib Al Hasan,Test,2,236,3.02,31.2,72.24
M Ntini,Test,2,234,3.3,27.97,75.55
Mohammed Shami,Test,2,233,3.3,27.24,75.02
TG Southee,ODI,2,230,5.57,31.07,56.0
SP Narine,IPL,6,229,6.78,23.03,39.84
Mashrafe Mortaza,ODI,2,227,5.06,31.86,56.82
Mehedi Hasan Miraz,Test,2,227,3.09,30.86,71.16
PM Siddle,Test,2,226,2.91,29.99,78.34
Z Khan,Test,2,226,3.21,30.6,74.94
VD Philander,Test,2,226,2.61,22.09,79.68
KA Maharaj,Test,2,224,3.1,28.44,73.92
TA Boult,ODI,2,219,5.05,23.17,59.68
Mohammed Shami,ODI,2,215,5.58,22.63,57.49
KMDN Kulasekara,ODI,2,213,4.94,31.06,60.07
Z Khan,ODI,2,213,4.97,25.82,58.68
DW Steyn,ODI,2,212,4.86,23.77,60.84
M Muralitharan,ODI,2,209,4.08,21.91,56.47
MM Ali,Test,2,209,3.62,36.42,69.27
DL Vettori,ODI,2,208,3.97,25.26,56.46
JJ Bumrah,IPL,6,208,7.26,21.49,41.67
DJ Bravo,IPL,6,207,8.36,21.06,33.68
R Ashwin,IPL,6,205,7.19,27.57,35.28
A Zampa,ODI,6,204,5.55,29.29,45.3
KD Mills,ODI,2,203,4.67,24.76,61.24
Kuldeep Yadav,ODI,6,203,5.13,25.89,49.8
PP Chawla,IPL,6,201,7.96,25.41,35.25
DB Sharma,T20I,6,199,6.23,16.38,43.2
CR Woakes,Test,2,199,3.03,28.57,77.02
SCJ Broad,ODI,2,198,5.3,26.44,56.7
A Kumble,Test,2,196,2.99,30.96,74.0
SA Abbott,BBL,6,196,8.33,19.05,37.93
M Morkel,ODI,2,195,4.91,24.1,59.83
DJ Bravo,ODI,6,193,5.36,27.01,50.43
CR Woakes,ODI,5,191,5.41,26.76,55.55
Harbhajan Singh,ODI,2,190,4.4,30.71,54.58
DL Vettori,Test,4,190,2.56,32.74,76.92
RA Jadeja,IPL,6,189,7.7,28.92,32.64
SL Malinga,IPL,6,188,7.1,17.9,42.78
Rashid Khan,IPL,6,187,7.28,22.98,37.34
CS Martin,Test,2,187,3.25,31.78,76.16
NLTC Perera,ODI,6,183,5.89,30.4,49.07
Saeed Ajmal,Test,2,183,2.59,27.34,75.51
A Mishra,IPL,6,183,7.33,22.65,35.97
Mustafizur Rahman,ODI,5,182,5.18,25.37,55.78
Saeed Ajmal,ODI,5,181,4.23,22.36,57.05
Imran Tahir,ODI,5,180,4.66,23.71,53.01
T Putthawong,T20I,1,179,4.29,8.45,60.84
B Lee,Test,2,179,3.31,31.15,74.54
Abdur Razzak,ODI,5,176,4.62,27.36,57.34
AJ Tye,BBL,6,176,7.95,19.02,39.11
MJ Henry,ODI,5,176,5.2,23.74,58.4
TG Southee,T20I,6,175,8.1,21.35,40.72
K Rabada,ODI,5,175,5.07,25.72,59.55
AU Rashid,T20I,6,173,7.57,22.87,35.83
RAS Lakmal,Test,4,173,2.98,36.02,74.91
MDK Perera,Test,4,170,3.2,34.0,68.3
MS Panesar,Test,4,170,2.8,33.7,76.16
UT Yadav,Test,2,170,3.51,30.7,72.56
Umar Gul,ODI,5,170,5.19,28.81,59.06
Sandeep Sharma,IPL,6,169,8.14,25.49,39.14
NW Bracken,ODI,5,168,4.44,22.06,60.53
ST Gabriel,Test,4,168,3.34,31.83,72.98
HV Patel,IPL,6,168,8.85,22.18,33.91
BJ Dwarshuis,BBL,6,168,8.08,21.61,41.75
IS Sodhi,T20I,6,168,8.16,22.53,32.83
Mustafizur Rahman,T20I,6,167,7.36,18.82,43.42
R Ashwin,ODI,5,166,4.95,31.02,49.78
DB Sharma,ODI,5,165,4.59,25.45,54.73
Ehsan Khan,T20I,6,165,6.16,14.39,47.19
UT Yadav,IPL,6,163,8.44,26.58,40.94
SR Watson,ODI,5,162,5.0,28.78,53.46
JO Holder,ODI,5,162,5.55,34.58,54.54
Mohammed Shami,IPL,6,162,8.64,26.02,41.93
S Ecclestone,T20I,6,162,6.04,15.69,47.56
Harbhajan Singh,IPL,6,161,7.07,25.03,38.36
ML Schutt,T20I,6,161,6.4,15.65,47.99
JO Holder,Test,4,160,2.61,30.51,78.09
B Kumar,ODI,5,160,5.09,30.79,58.68
S Lamichhane,ODI,5,157,4.35,18.8,59.23
PWH de Silva,T20I,6,157,7.18,15.78,37.37
K Rabada,IPL,6,157,8.74,21.45,41.18
IK Pathan,ODI,5,156,5.31,27.57,56.98
JJ Bumrah,ODI,5,155,4.58,22.63,60.53
MJ Henry,Test,4,154,3.1,25.71,75.38
JP Behrendorff,BBL,6,154,7.09,18.79,46.22
TA Boult,IPL,6,153,8.51,25.82,42.07
JR Hazlewood,ODI,5,153,4.78,26.35,60.38
Imran Tahir,CPL,6,153,6.65,16.74,44.79
Hasan Ali,PSL,6,153,8.2,20.59,40.13
KW Richardson,BBL,6,153,7.9,21.36,40.31
Rizwan Butt,T20I,6,152,6.8,14.94,47.01
O Kamchomphu,T20I,1,152,4.68,10.97,51.59
SJ Harmison,Test,4,151,3.27,31.52,74.31
SP Narine,CPL,6,151,5.41,18.77,52.75
M Kapp,ODI,5,151,4.02,22.3,64.35
MM Sharma,IPL,6,149,8.74,23.58,34.65
A Khaka,ODI,5,149,4.31,22.77,62.93
A Zampa,T20I,6,148,7.4,20.57,34.95
AR Patel,IPL,6,148,7.43,29.98,33.92
M Ntini,ODI,5,148,4.74,23.79,61.36
Shaheen Shah Afridi,PSL,6,148,7.94,18.76,43.66
KY Chan,T20I,1,148,4.64,10.12,56.51
PJ Cummins,ODI,5,147,5.25,27.52,56.59
MJ Leach,Test,4,145,3.08,33.37,73.53
Mohammed Siraj,Test,4,145,3.47,29.15,73.02
Umar Gul,Test,4,145,3.39,33.11,72.63
AS Joseph,ODI,5,144,5.55,27.56,54.56
BAW Mendis,ODI,5,144,4.92,22.37,51.11
JH Kallis,Test,4,144,2.91,33.32,77.52
MJ Santner,ODI,5,143,4.76,33.63,51.63
Mohammad Hafeez,ODI,3,142,4.15,35.13,52.68
MR Adair,T20I,6,141,7.74,18.17,42.73
MJ Santner,T20I,6,141,7.22,23.16,38.56
Shaheen Shah Afridi,T20I,6,141,7.9,20.05,44.71
LE Plunkett,ODI,6,140,5.74,27.26,50.56
S Lamichhane,T20I,6,140,6.18,12.32,50.24
Nahida Akter,T20I,6,140,6.02,15.38,45.37
DJ Bravo,CPL,6,140,8.76,21.06,34.8
HK Matthews,T20I,6,140,6.3,16.39,42.58
SK Warne,Test,5,139,2.98,23.13,74.26
GB Hogg,ODI,5,139,4.48,22.78,54.23
DR Sams,BBL,6,139,8.63,20.28,35.27
S Ismail,ODI,5,138,3.94,19.58,66.07
Shakib Al Hasan,T20I,6,138,6.92,19.88,38.82
Haris Rauf,T20I,6,138,8.35,19.38,38.71
S Ecclestone,ODI,5,138,3.71,18.91,64.78
Wahab Riaz,ODI,5,138,5.71,29.36,50.53
AD Mathews,ODI,5,137,4.64,28.99,56.17
PM Siddle,BBL,6,137,7.52,19.53,40.27
Arshdeep Singh,T20I,6,137,8.55,19.03,43.72
Shaheen Shah Afridi,ODI,5,137,5.65,24.38,57.26
JO Holder,CPL,6,136,7.86,23.79,43.87
A Flintoff,ODI,5,135,4.2,19.82,62.49
A Zampa,BBL,6,135,7.3,23.23,32.74
C Aweko,T20I,1,135,4.34,10.85,57.51
Ali Dawood,T20I,6,135,6.1,12.79,49.94
AS Joseph,Test,4,134,3.7,32.56,70.78
JL Jonassen,ODI,5,134,3.99,16.81,59.63
AD Russell,IPL,6,133,9.44,21.53,35.46
Shoaib Malik,ODI,5,133,4.7,33.05,50.3
Nida Dar,T20I,6,133,5.95,18.21,42.96
JDP Oram,ODI,5,132,4.35,26.35,60.32
KAJ Roach,ODI,5,132,5.07,27.9,58.43
Mohammed Siraj,IPL,6,132,8.76,29.63,43.88
ML Schutt,ODI,5,132,4.29,23.1,62.98
A Flintoff,Test,4,131,2.97,31.72,74.62
Mohammad Abbas,Test,4,131,2.57,22.68,79.94
Shadab Khan,T20I,6,131,7.5,22.06,35.51
Shahid Afridi,T20I,6,131,6.85,20.85,37.76
NGRP Jayasuriya,Test,4,130,3.19,31.65,69.75
Virandeep Singh,T20I,6,129,5.5,12.81,47.37
A Gardner,ODI,5,129,4.29,20.71,58.26
S Laomi,T20I,1,129,4.29,11.3,54.74
Danish Kaneria,Test,4,129,3.14,39.57,70.99
Shaheen Shah Afridi,Test,4,128,3.16,27.7,75.99
Rubel Hossain,ODI,5,128,5.68,31.8,51.46
H Ishimwe,T20I,1,127,4.59,9.34,56.48
ST Finn,Test,4,127,3.54,29.92,74.15
SN Thakur,IPL,6,127,9.52,27.67,34.58
AC Kerr,ODI,5,127,4.69,27.34,52.66
Shadab Khan,PSL,6,127,7.64,21.95,36.35
R Vinay Kumar,IPL,6,127,8.38,23.51,37.46
JJ Bumrah,T20I,6,126,6.51,17.02,48.25
Wahab Riaz,PSL,6,126,7.7,20.15,41.41
Vaishnave Mahesh,T20I,1,125,4.77,10.6,56.47
JD Unadkat,IPL,6,125,8.94,28.03,33.33
Mehedi Hasan Miraz,ODI,5,125,4.77,33.31,51.52
I Sharma,ODI,5,125,5.67,28.29,54.41
SL Malinga,T20I,6,124,7.35,18.04,39.23
YS Chahal,ODI,5,124,5.28,26.19,48.92
JE Taylor,ODI,5,124,5.26,27.02,57.04
RP Meredith,BBL,6,123,8.27,21.98,40.56
CJ Jordan,T20I,6,123,8.7,23.0,35.08
JE Taylor,Test,4,122,3.45,32.08,73.74
SO Ngoche,T20I,6,122,5.94,15.82,48.64
Nashra Sandhu,ODI,5,122,4.46,26.0,56.45
MJ Hoggard,Test,4,122,3.22,29.7,75.16
MA Wood,Test,4,122,3.32,30.04,73.44
AD Russell,CPL,6,122,8.78,23.28,36.96
HK Matthews,ODI,5,122,4.33,24.26,58.28
D Bishoo,Test,4,122,3.22,35.66,68.88
Mohammad Amir,Test,4,121,2.84,29.98,77.39
JO Holder,T20I,6,121,8.7,23.9,35.59
A Nehra,IPL,6,121,7.81,20.62,43.19
Arshdeep Singh,IPL,6,120,9.16,25.92,36.7
R Ngarava,T20I,6,120,7.25,18.89,48.27
TT Bresnan,ODI,5,120,5.42,31.49,53.25
SM Pollock,ODI,5,120,3.4,23.67,68.02
Karan KC,T20I,6,120,7.76,18.31,47.03
WPUJC Vaas,ODI,5,120,4.1,27.41,65.63
MM Ali,ODI,3,119,5.31,43.78,45.1
Z Khan,IPL,6,119,7.58,23.38,42.19
JA Richardson,BBL,6,119,7.83,19.67,44.43
B Laughlin,BBL,6,118,8.12,21.71,34.9
Taskin Ahmed,ODI,5,118,5.39,29.2,56.65
CRD Fernando,ODI,5,118,5.12,29.17,56.82
MF Maharoof,ODI,5,118,4.8,25.9,58.96
MRJ Watt,ODI,5,118,4.31,26.18,57.77
CJ Boyce,BBL,6,118,7.54,23.42,29.14
RP Yadav,T20I,6,117,6.59,16.31,41.34
AC Kerr,T20I,6,117,6.11,18.76,39.63
Kuldeep Yadav,IPL,6,116,8.28,27.23,30.93
UT Yadav,ODI,5,116,6.0,30.73,54.39
HH Pandya,T20I,6,116,8.28,25.8,39.05
J Mbabazi,T20I,1,116,4.9,10.66,54.46
Pavandeep Singh,T20I,6,116,6.05,17.21,52.65
PP Ojha,Test,4,116,2.68,29.48,76.13
ER Oza,T20I,1,116,4.99,11.33,52.81
SN Netravalkar,ODI,5,115,4.03,21.45,63.23
Karan KC,ODI,5,115,5.06,23.1,60.55
R Rampaul,ODI,5,115,5.09,26.43,57.32
A Nehra,ODI,5,115,5.41,28.51,55.61
JNT Seales,Test,5,115,3.35,24.72,73.93
MG Neser,BBL,6,115,8.43,24.2,38.41
CV Varun,IPL,6,114,7.69,24.08,37.44
ASS Fletcher,T20I,6,114,6.24,19.45,40.08
RJ Harris,Test,4,114,2.77,23.32,79.29
SE Bond,ODI,5,113,4.18,20.44,65.63
Junaid Khan,ODI,5,113,5.39,27.74,56.34
FH Edwards,Test,4,112,3.72,37.6,69.8
CH Gayle,ODI,5,112,4.76,31.29,47.04
Faheem Ashraf,PSL,6,111,8.72,22.9,35.89
SM Sharif,ODI,5,111,4.93,26.7,57.99
ST Finn,ODI,5,111,5.05,26.99,59.16
KH Pandya,IPL,6,111,7.57,30.72,32.43
RAS Lakmal,ODI,5,110,5.5,31.3,55.96
CBRLS Kumara,Test,4,110,3.89,35.68,68.1
AR Patel,T20I,6,110,7.62,20.51,39.92
WD Parnell,ODI,5,110,5.58,27.36,54.15
Abdul Razzaq,ODI,5,110,4.84,32.72,56.45
N Boochatham,T20I,1,110,4.47,10.65,58.8
Mohammad Amir,PSL,6,110,7.75,24.09,42.61
L Ngidi,ODI,5,109,5.81,28.87,54.51
Sikandar Raza,T20I,6,109,7.04,23.19,34.31
Hasan Ali,ODI,5,109,5.81,28.29,51.44
NT Ellis,BBL,6,109,8.22,22.39,33.37
GD McGrath,ODI,5,109,3.82,18.9,67.05
MT Steketee,BBL,6,108,8.88,22.19,40.02
J Goswami,ODI,5,108,3.77,19.25,67.26
M Akayezu,T20I,6,108,7.77,19.11,46.96
LMM Tahuhu,ODI,5,108,4.69,24.3,61.49
AN Kelly,T20I,6,108,6.2,13.04,45.74
GP Swann,ODI,5,107,4.59,26.18,50.49
BM Scholtz,ODI,5,107,3.35,19.14,66.27
CH Morris,IPL,6,107,8.0,21.58,40.9
SR Watson,IPL,6,107,7.88,25.07,41.63
ASS Fletcher,ODI,5,106,4.69,23.6,53.53
Aizaz Khan,T20I,6,106,7.82,19.58,39.55
Bilal Khan,T20I,6,106,6.83,15.96,48.35
Nauman Ali,Test,5,106,3.07,23.91,71.36
PVD Chameera,T20I,6,106,8.08,22.34,40.16
JP Faulkner,ODI,5,106,5.55,27.57,48.7
AB Agarkar,ODI,5,106,4.96,25.65,60.93
IJR Zwilling,T20I,1,106,5.46,15.85,56.42
OE Robinson,Test,5,106,2.63,18.9,77.64
Taskin Ahmed,T20I,6,105,7.75,21.85,45.69
Haris Rauf,ODI,5,105,5.8,25.06,52.81
DJ Willey,ODI,5,105,5.49,27.65,54.74
DW Steyn,IPL,6,105,6.92,24.03,48.61
CJ McKay,ODI,5,105,4.82,22.34,59.14
H Ssenyondo,T20I,1,105,5.32,13.5,49.72
ST Jayasuriya,ODI,5,105,4.77,30.32,46.74
Shoaib Akhtar,ODI,5,104,4.93,27.3,60.39
MD Bimenyimana,T20I,1,104,4.41,9.62,57.02
P Utseya,ODI,3,104,4.66,45.89,50.54
B Muzarabani,T20I,6,103,6.94,21.16,47.11
PWH de Silva,ODI,5,103,5.14,24.52,51.41
Junaid Siddique,T20I,6,103,7.85,18.83,42.48
SNJ O'Keefe,BBL,6,103,6.59,21.37,36.33
JH Kallis,ODI,5,102,5.11,32.4,52.11
Yuvraj Singh,ODI,3,102,5.14,33.76,46.3
LL Tsotsobe,ODI,5,102,4.76,22.69,61.88
P Kumar,IPL,6,102,7.73,31.87,45.43
PL Harris,Test,4,102,2.66,37.55,76.01
Abdur Rehman,Test,4,102,2.53,28.53,76.13
Muhammad Nadir,T20I,1,102,4.87,13.57,56.04
AR Ramjani,T20I,1,102,4.68,9.29,53.91
Rashid Khan,BBL,6,101,6.44,16.99,39.77
BW Hilfenhaus,Test,4,101,2.75,27.94,78.5
Nashra Sandhu,T20I,6,101,5.67,18.34,44.18
RP Singh,IPL,6,100,7.85,23.38,44.18
JL Jonassen,T20I,6,100,5.76,15.56,45.01
YS Chahal,T20I,6,100,8.17,24.09,34.03
R Shepherd,CPL,6,100,8.52,19.24,42.8
Bilal Khan,ODI,5,100,5.03,20.36,59.05
AS Joseph,CPL,6,100,8.24,23.34,46.76
Sompal Kami,ODI,5,100,5.37,27.67,58.64
Naved-ul-Hasan,ODI,5,100,5.35,26.0,57.03
I Sharma,IPL,0,100,8.3,33.77,43.82
Haris Rauf,PSL,0,100,9.32,26.76,35.89
KH Brunt,T20I,1,100,5.82,15.84,53.4
Avesh Khan,IPL,0,100,9.26,27.34,36.02
DT Christian,BBL,6,100,8.21,24.5,32.77
TL Chatara,ODI,5,99,5.37,31.23,56.7
IK Pathan,IPL,6,99,7.78,26.76,43.3
PP Ojha,IPL,6,99,7.36,23.56,37.24
SP Narine,ODI,5,99,4.1,24.04,60.17
DM Nakrani,T20I,1,99,5.62,13.27,50.21
DL Chahar,IPL,6,99,8.28,28.91,42.99
LH Ferguson,ODI,5,98,5.71,31.31,54.8
K Santokie,CPL,6,98,7.67,16.52,40.52
RL Chase,Test,4,98,3.55,48.0,66.25
RR Emrit,CPL,6,98,7.64,21.2,38.87
AJ Hosein,T20I,6,98,7.44,25.67,39.97
M Prasidh Krishna,IPL,6,98,8.91,26.61,40.89
KH Brunt,ODI,5,98,3.79,22.29,66.9
PD Collingwood,ODI,3,98,4.85,34.95,48.96
A Gardner,T20I,6,97,6.66,18.72,39.55
TM Dilshan,ODI,3,97,4.92,42.9,45.28
E Rukiriza,T20I,6,97,6.33,16.65,48.5
AY Patel,Test,4,97,3.14,27.04,73.78
L Delany,T20I,6,97,6.17,15.93,41.45
GS Sandhu,BBL,6,97,8.22,22.35,38.18
KK Ahmed,IPL,6,96,8.92,25.77,43.3
AC Jayangani,T20I,6,96,6.72,18.99,37.65
AL Phehlukwayo,ODI,5,96,5.8,30.73,48.2
SS Cottrell,CPL,6,96,7.72,20.5,46.86
SR Clark,Test,4,96,2.6,23.36,79.36
DJ Hawoe,T20I,6,96,7.17,19.6,46.98
NM Coulter-Nile,BBL,6,96,7.44,20.72,39.93
S Luus,ODI,5,96,4.68,26.16,51.18
Z Bimenyimana,T20I,6,96,7.0,20.44,51.34
JA Morkel,IPL,6,96,8.15,24.57,39.34
Zahoor Khan,ODI,5,95,4.99,24.42,55.27
Sompal Kami,T20I,6,95,7.19,20.54,46.84
Mohammad Asif,Test,4,95,2.91,23.56,77.84
M Kapp,T20I,1,95,5.61,18.25,52.75
Kuldeep Yadav,T20I,6,95,6.9,13.43,40.99
KL Cross,ODI,5,95,4.46,23.62,63.92
Imad Wasim,PSL,6,94,7.09,27.11,38.91
Fatima Sana,ODI,5,94,5.41,25.6,56.15
S Ismail,T20I,1,94,5.84,19.01,52.37
S Chaturongrattana,T20I,1,94,4.38,9.28,57.41
A Nel,ODI,5,94,4.62,23.4,62.79
Saeed Ajmal,T20I,6,94,6.36,16.13,43.36
Junaid Siddique,ODI,5,94,5.11,26.54,59.86
Umar Gul,T20I,6,94,7.29,15.19,41.75
CJ Green,BBL,6,94,7.26,28.77,33.91
Fawad Ahmed,BBL,6,94,7.13,26.37,33.14
DJ Bravo,T20I,6,93,8.11,21.59,30.51
SM Pollock,Test,4,93,2.5,27.81,79.86
MM Patel,ODI,5,93,4.89,27.47,58.72
AM Fernando,Test,5,93,3.5,26.96,70.29
SFM Devine,T20I,6,93,7.18,19.6,41.1
GD McGrath,Test,4,93,2.39,20.39,82.0
I Ranaweera,T20I,6,93,6.0,16.74,41.26
P Maya,T20I,1,93,5.49,12.56,56.82
WA Agar,BBL,6,93,9.09,22.15,38.7
IO Okpe,T20I,6,92,6.67,17.74,43.8
MRJ Watt,T20I,6,92,7.02,20.85,38.54
CE Dean,ODI,5,92,4.67,22.91,56.5
EA Perry,T20I,1,92,5.81,15.89,53.02
MJ McClenaghan,ODI,5,92,5.89,25.14,52.48
Imran Anwar,T20I,6,92,7.12,20.29,42.95
KA Jamieson,Test,5,92,2.75,19.79,80.11
CJ Green,CPL,6,92,6.48,23.79,46.5
A Shrubsole,ODI,5,92,4.14,22.51,66.11
B Kumar,T20I,6,92,7.05,22.55,49.29
Yasim Murtaza,T20I,6,91,6.27,18.8,45.18
HH Pandya,ODI,3,91,5.59,34.47,51.78
SM Sharif,T20I,6,91,8.02,20.44,37.46
DS Kulkarni,IPL,6,91,8.27,27.19,42.64
Hasan Ali,Test,4,91,3.05,27.16,76.84
S Glenn,T20I,7,91,6.05,16.12,42.57
A King,ODI,5,91,4.28,17.57,56.61
MA Starc,IPL,6,91,8.78,19.35,41.98
PJ Cummins,IPL,0,90,8.87,29.78,37.78
C de Lange,T20I,7,90,5.39,17.21,45.56
SJ Benn,Test,4,90,2.79,36.66,74.1
L Ngidi,T20I,6,90,8.6,20.44,42.71
W Mwatile,T20I,1,90,4.52,15.58,63.94
JC Archer,IPL,6,90,8.16,24.01,44.68
T Shamsi,T20I,6,90,7.43,20.6,35.98
M Klaas,ODI,5,90,4.99,27.41,59.8
M Jansen,Test,5,89,3.27,21.12,74.86
N Mlaba,T20I,6,89,6.38,20.06,44.46
G Wareham,T20I,7,89,6.0,14.58,44.02
Ravi Bishnoi,IPL,0,89,8.34,28.02,34.43
JM Bird,BBL,6,89,7.37,23.87,43.32
PA van Meekeren,T20I,6,89,7.09,19.75,46.24
K Kunwar,T20I,1,89,4.24,10.76,64.26
WK Dilhari,T20I,6,89,6.47,20.08,39.61
F Banunaek,T20I,6,89,6.71,20.61,45.7
KV Sharma,IPL,0,89,8.38,24.89,34.01
KOK Williams,CPL,6,88,8.47,20.95,37.06
CK Langeveldt,ODI,5,88,5.16,29.55,56.69
Mohammad Amir,ODI,5,88,4.78,26.81,58.29
HH Pandya,IPL,0,88,9.3,31.26,34.78
Mohammad Irfan,ODI,5,88,4.9,28.97,60.16
E Chigumbura,ODI,3,88,5.85,39.66,52.83
Sadia Iqbal,T20I,7,88,5.83,16.42,48.59
M Morkel,IPL,6,88,7.63,23.74,44.95
M Theekshana,T20I,6,88,7.06,24.51,39.37
Shadab Khan,ODI,3,87,5.27,33.45,46.9
Sikandar Raza,ODI,3,87,4.97,42.36,49.27
DJG Sammy,ODI,3,87,4.68,43.4,52.73
JA Warrican,Test,4,87,3.01,28.07,70.99
RW Price,ODI,5,87,4.12,32.41,57.07
I Ranaweera,ODI,5,87,4.58,30.18,54.78
MNM Aslam,T20I,7,87,6.15,17.24,45.18
Rohan Mustafa,ODI,5,87,4.49,29.95,53.85
R Shepherd,T20I,0,87,10.03,26.49,29.88
BMSM Kumari,T20I,6,86,6.2,23.35,45.45
Wahab Riaz,Test,4,86,3.33,33.3,71.35
DJG Sammy,Test,4,86,2.89,34.97,75.28
K Rabada,T20I,0,86,8.33,26.62,42.69
Imran Tahir,IPL,6,86,7.76,19.8,34.24
JP Faulkner,BBL,6,86,7.68,18.88,41.64
P Kumar,ODI,5,86,5.13,32.26,57.89
BM Scholtz,T20I,6,85,6.34,20.86,40.46
MJ Swepson,BBL,0,85,7.61,29.27,30.65
AM Kimote,T20I,7,85,6.97,15.05,45.14
SM Boland,Test,5,85,2.85,17.93,76.51
AJ Hall,ODI,5,85,4.57,22.96,57.74
L Balaji,IPL,6,85,8.03,23.86,38.39
R Trumpelmann,ODI,5,85,4.77,24.71,63.19
A Shrubsole,T20I,1,85,5.96,15.02,54.04
CA Young,T20I,6,85,8.18,20.59,39.8
R McLaren,ODI,5,84,5.23,24.44,54.9
MJ Santner,Test,4,84,2.86,32.33,73.75
JC Archer,Test,4,84,3.13,28.3,76.24
C Sutthiruang,T20I,1,84,4.52,14.7,63.35
KE Bryce,T20I,1,84,5.19,13.2,54.41
AAP Atkinson,Test,5,84,3.62,25.05,72.87
S Sreesanth,Test,4,84,3.58,37.75,73.72
Vraj Patel,T20I,1,84,5.39,13.27,51.77
MA Starc,T20I,6,83,7.71,22.66,47.85
Fatima Sana,T20I,6,83,7.3,19.49,44.39
CE Dean,T20I,7,83,6.93,17.0,43.82
Mahmudullah,ODI,3,83,5.36,42.88,45.71
M Wai Siu,T20I,1,83,5.09,14.9,58.41
A Symonds,ODI,3,83,5.1,34.87,48.81
Aqib Iqbal,T20I,7,83,7.05,19.92,48.61
Syed Aziz,T20I,6,83,7.33,20.94,46.8
AR Patel,ODI,5,83,4.54,31.55,55.01
T Natarajan,IPL,0,83,9.18,28.65,31.66
AC Agar,BBL,0,82,7.35,28.33,32.38
EA Perry,ODI,5,82,4.46,26.85,63.17
MM Patel,IPL,6,82,7.46,20.71,44.8
N de Klerk,ODI,5,82,5.2,26.55,56.31
GH Dockrell,T20I,6,82,6.78,18.24,35.9
R Bhatia,IPL,0,82,7.4,24.63,28.51
JE Root,Test,4,82,3.37,43.4,70.42
JJ Smit,T20I,7,82,7.02,16.34,43.02
AB Dinda,IPL,0,82,8.13,25.28,42.35
LMM Tahuhu,T20I,7,82,6.71,20.04,50.51
KA Pollard,IPL,0,81,8.74,26.91,28.21
JL Pattinson,Test,4,81,3.19,26.33,76.69
G Motie,CPL,6,81,7.48,19.52,40.85
Mahirah Izzati Ismail,T20I,1,81,4.87,14.11,48.4
S Sreesanth,ODI,5,81,5.87,29.04,56.01
AH Maqsood,T20I,7,81,5.71,15.79,45.05
N Senamontree,T20I,1,81,5.49,13.37,54.18
S Vijay Unni,T20I,7,81,6.19,17.9,45.98
Nahida Akter,ODI,5,81,3.94,20.3,59.7
A Khaka,T20I,6,81,7.01,23.49,40.29
RP Singh,ODI,5,81,5.41,30.46,58.08
M Theekshana,ODI,5,81,4.38,22.65,56.68
LN Oluoch,T20I,7,80,7.16,18.54,48.59
Sajid Khan,Test,4,80,3.37,27.74,69.46
SM Boland,BBL,0,80,8.44,23.04,37.02
Hasan Ali,T20I,6,80,8.59,20.5,37.87
Mahedi Hasan,T20I,6,80,6.79,21.96,42.91
PZ Kamunya,T20I,1,80,4.19,9.79,60.78
Abdul Majid Abbasi,T20I,1,79,5.54,19.27,50.82
Mohammad Amir,T20I,7,79,7.12,19.95,47.03
GJ Maxwell,ODI,3,79,5.48,44.54,44.57
TS Rogers,BBL,0,79,8.37,22.7,39.46
RJ Sidebottom,Test,4,79,2.77,27.43,78.85
JM Kerr,ODI,5,79,4.41,22.78,59.57
Saad Bin Zafar,T20I,7,79,6.16,16.85,46.22
MA Wood,ODI,3,79,5.57,38.67,53.32
MVT Fernando,Test,4,79,3.52,31.73,71.76
HMRKB Herath,ODI,5,79,4.42,28.2,50.61
JR Hazlewood,T20I,7,79,7.36,20.41,47.79
A Nel,Test,4,79,3.06,32.0,76.75
XC Bartlett,BBL,0,78,8.68,22.23,40.82
O Prendergast,T20I,1,78,5.75,17.19,55.5
AJ Hosein,CPL,6,78,6.76,26.59,48.32
Mohammed Siraj,ODI,5,78,5.08,24.37,62.29
TA Boult,T20I,6,78,7.76,22.31,45.69
OC McCoy,CPL,0,78,8.71,23.79,38.5
R Rampaul,CPL,6,77,8.4,20.16,43.91
AG Cremer,ODI,3,77,4.86,34.22,50.52
RC Belbashi,T20I,1,77,4.37,12.79,54.25
Kuldeep Yadav,Test,5,77,3.56,23.47,70.37
SC Williams,ODI,3,77,5.04,45.58,48.89
J Botha,ODI,3,77,4.6,36.12,48.17
Imad Wasim,CPL,7,77,6.5,20.91,45.12
MG Erasmus,T20I,7,77,6.12,14.83,43.43
Imad Wasim,T20I,7,77,6.24,19.77,42.62
P Aho,T20I,1,77,6.13,15.62,54.07
KA Maharaj,ODI,5,77,4.73,29.55,50.23
JC Tongue,Test,5,77,4.09,25.99,69.18
SR Taylor,ODI,5,77,4.51,30.96,54.92
K Pierre,CPL,6,77,7.1,23.95,46.44
CA Young,ODI,5,77,5.4,23.71,58.14
Salma Khatun,T20I,1,77,5.1,15.05,52.6
DAJ Bracewell,Test,4,77,3.31,37.31,74.19
A Bohara,T20I,6,77,7.42,18.82,35.01
RD Chahar,IPL,0,76,7.77,28.89,35.16
RJ Peterson,ODI,5,76,4.86,29.57,50.67
A Mishra,Test,4,76,3.14,35.72,71.32
KA Green,T20I,1,76,4.46,14.14,60.69
SM Curran,T20I,0,76,8.75,25.72,33.48
TT Bresnan,Test,4,76,3.02,31.01,77.58
CV Varun,T20I,7,76,7.67,16.91,39.6
Renuka Singh,T20I,7,76,6.67,20.93,49.27
BA Stokes,ODI,3,76,6.04,41.12,45.18
RS Gayakwad,ODI,5,76,3.91,20.78,59.99
SB Styris,ODI,3,76,4.65,32.86,53.37
JP Faulkner,IPL,0,76,8.68,23.67,35.4
A Dutt,ODI,5,76,4.65,28.57,59.74
JO Holder,IPL,0,76,8.55,23.04,35.31
LK Bell,T20I,7,75,7.22,16.85,45.86
MA Leask,ODI,5,75,5.03,28.47,52.22
SA Okpe,T20I,7,75,5.89,17.48,45.02
BCJ Cutting,BBL,0,75,8.7,30.72,27.25
SCG MacGill,Test,4,75,3.32,32.35,74.4
RE van der Merwe,T20I,7,75,6.56,18.48,39.23
T Shamsi,ODI,3,75,5.57,33.47,48.7
Sohail Tanvir,ODI,3,75,5.19,33.79,58.44
JC Archer,T20I,6,75,8.33,20.85,44.72
RL Chase,CPL,7,75,6.95,20.57,43.32
K Fraser,T20I,7,75,5.76,14.55,46.97
SR Watson,Test,4,75,2.73,32.55,79.49
J Nkomo,T20I,1,75,5.07,12.28,59.82
MJ McClenaghan,IPL,0,75,8.43,24.04,41.62
J Miyaji,T20I,1,74,6.16,13.19,55.1
Shahadat Hossain,Test,4,74,4.02,44.39,67.8
AR McBrine,ODI,3,74,4.84,36.77,52.3
TK Curran,BBL,0,74,8.26,20.26,35.63
JP Duminy,ODI,3,74,5.42,41.39,44.8
Mustafizur Rahman,IPL,0,74,8.09,24.99,37.24
JH Kallis,IPL,0,74,7.86,30.99,36.55
Mohammad Nawaz,T20I,6,74,7.33,19.58,35.16
Rosine Irera,T20I,1,74,3.92,10.58,62.0
Shafiul Islam,ODI,3,73,5.97,33.74,55.21
D Pretorius,CPL,6,73,8.05,20.26,42.47
KTGD Prasad,Test,4,73,3.67,34.68,69.93
L Embuldeniya,Test,4,73,3.21,35.77,70.98
Iftikhar Anjum,ODI,5,73,4.92,30.14,58.63
WPUJC Vaas,Test,4,73,2.83,29.41,77.05
RTM Mendis,Test,4,73,3.18,30.3,68.58
JR Hopes,ODI,3,73,4.54,32.18,54.69
SK Trivedi,IPL,0,73,7.54,26.08,34.85
BAW Mendis,Test,4,73,3.05,33.34,71.34
GH Dockrell,ODI,3,73,4.97,36.21,52.08
JR Hazlewood,IPL,0,73,8.61,23.15,43.8
NR Sciver,T20I,7,73,6.45,19.12,43.8
DS Airee,T20I,7,73,6.08,17.14,43.6
S Akiteng,T20I,1,73,4.7,13.64,55.47
N McAndrew,BBL,0,73,8.95,28.15,37.33
Mohammad Sami,ODI,5,73,4.86,27.11,60.48
KMDN Kulasekara,T20I,7,72,7.39,20.33,44.36
LH Ferguson,T20I,7,72,7.39,17.53,47.32
SR Taylor,T20I,7,72,5.92,16.62,41.35
KDU Prabodhani,T20I,7,72,5.72,19.93,49.9
Rishad Hossain,T20I,0,72,8.26,21.82,38.12
Sana Mir,ODI,5,72,4.12,21.46,60.42
Shoaib Bashir,Test,4,72,3.79,38.88,66.46
Fahima Khatun,T20I,7,72,5.81,19.21,42.2
AD Russell,ODI,5,72,5.81,30.56,51.96
Rumana Ahmed,T20I,7,72,5.58,14.01,42.16
Yasin Patel,T20I,7,72,5.95,17.12,49.6
R Ngarava,ODI,5,72,5.33,27.43,57.98
BJ McMullen,ODI,5,72,4.53,20.65,63.98
S Shillingford,Test,4,72,3.08,33.6,72.1
D Maisuria,T20I,1,72,6.05,10.85,53.16
Chan Ka Man,T20I,1,71,4.29,12.55,55.97
Q Abel,T20I,1,71,4.64,8.45,58.63
SL Malinga,Test,4,71,3.75,34.79,69.23
Junaid Khan,Test,4,71,2.92,31.73,75.57
Shakib Al Hasan,IPL,0,71,7.44,25.9,35.24
NL McCullum,ODI,3,71,5.01,41.63,48.71
JDS Neesham,ODI,3,71,6.32,35.56,48.71
A Nortje,Test,5,71,3.65,26.34,72.83
Abbas Afridi,PSL,0,71,9.61,21.13,33.83
A Ikuzwe,T20I,1,71,4.79,11.73,58.24
N Pradeep,Test,4,71,3.49,42.3,71.15
F Nsubuga,T20I,1,71,4.64,14.07,60.73
JA Diergaardt,T20I,7,71,5.75,16.23,48.92
SR Harmer,Test,5,70,2.88,21.49,74.86
DJ Bravo,Test,4,70,3.2,41.69,74.26
Poonam Yadav,T20I,7,70,5.65,14.73,40.82
KK Cooper,CPL,0,70,7.95,19.66,35.13
JK Lalor,BBL,0,70,8.37,24.81,38.47
N de Klerk,T20I,0,70,7.66,24.81,37.18
Nur Dania Syuhada,T20I,1,69,5.07,16.97,49.93
IDR Bradshaw,ODI,5,69,4.22,25.14,63.0
C Kyewuta,T20I,7,69,6.81,15.8,51.09
DS Airee,ODI,5,69,4.07,26.01,56.21
N Mlaba,ODI,5,69,4.93,30.67,54.16
N Pradeep,ODI,3,69,6.03,32.8,51.0
JC Archer,ODI,5,69,5.11,25.72,60.44
J Little,T20I,7,69,7.45,23.81,44.14
T Shadrack,T20I,1,69,3.95,10.28,68.15
PJ Cummins,T20I,7,69,7.49,22.0,42.68
R Ashwin,T20I,7,69,6.95,22.43,41.69
S Dharnidharka,T20I,1,68,5.14,12.93,60.92
Usama Mir,PSL,0,68,8.27,23.9,33.33
Washeem Abbas,T20I,7,68,7.94,17.56,40.8
CJ Jordan,BBL,0,68,8.74,27.37,32.5
D Wiese,T20I,7,68,7.07,17.65,40.67
Sohail Tanvir,CPL,7,68,6.99,20.72,46.61
Shoriful Islam,T20I,0,68,8.19,22.44,42.04
CR Brathwaite,CPL,0,68,8.34,27.28,37.53
CA Soper,ODI,5,67,4.41,25.58,61.99
N Shree Charani,T20I,7,67,6.3,11.63,44.74
AF Milne,T20I,0,67,8.4,23.85,42.99
MR Adair,ODI,5,67,5.76,31.93,56.73
Ishtiaq Ahmad,T20I,7,67,6.77,14.93,48.53
DW Steyn,T20I,7,67,7.01,17.45,47.0
WB Rankin,ODI,5,67,4.9,28.87,60.88
G Matome,T20I,1,67,4.18,10.94,65.72
M Muralitharan,IPL,7,67,6.69,25.46,42.03
AJ Hosein,ODI,5,67,4.79,26.52,53.71
M Bibi,T20I,7,67,6.13,16.54,49.95
JJ Smit,ODI,5,67,4.27,21.55,62.06
Kaleem Sana,T20I,1,67,6.1,13.39,55.61
SR Magar,T20I,1,67,4.81,14.21,51.26
A Sutherland,ODI,5,67,4.67,20.48,59.1
D van Niekerk,ODI,5,67,3.53,21.49,62.73
KA Pollard,CPL,0,67,7.95,22.18,32.2
Sohail Tanvir,PSL,0,67,7.9,25.07,41.46
IS Sodhi,ODI,3,67,5.51,35.07,45.56
WA Duraisingam,T20I,7,66,5.84,20.44,47.33
LM Kasperek,T20I,7,66,6.69,14.91,38.66
CW Perchard,T20I,7,66,6.22,13.55,44.61
SW Tait,ODI,5,66,5.13,22.14,61.18
PVD Chameera,ODI,3,66,5.54,32.98,55.66
MG Johnson,IPL,0,66,8.24,25.88,44.77
MN Samuels,ODI,3,66,4.8,44.02,49.88
DJS Dottin,T20I,7,66,7.35,16.35,44.72
SN Thakur,ODI,5,66,6.2,30.05,51.82
R Abdulkareem,T20I,7,66,6.22,12.33,46.37
Muslim Yar,T20I,7,66,6.63,17.77,42.66
CB Mpofu,ODI,3,66,5.6,42.83,56.47
M Mooketsi,T20I,7,66,6.24,17.73,53.42
SJ Harmison,ODI,5,66,5.13,29.89,60.53
BJ McCarthy,T20I,0,65,8.65,28.09,37.96
A Mishra,ODI,5,65,4.79,21.89,55.31
Diana Baig,ODI,3,65,5.11,36.17,59.97
LM Jongwe,T20I,0,65,8.45,20.34,30.67
B Evans,T20I,7,65,8.37,17.28,38.51
JDS Neesham,T20I,0,65,9.15,22.34,33.72
DE Bollinger,ODI,5,65,4.53,22.8,61.35
B Muzarabani,ODI,3,65,5.07,34.28,57.57
SCJ Broad,T20I,7,65,7.63,22.78,43.47
Ainna Hamizah Hashim,T20I,1,65,5.44,18.91,50.77
Mohammad Hafeez,T20I,7,65,6.66,21.15,39.58
S Joseph,Test,5,65,3.88,23.85,68.21
Bilal Zalmai,T20I,7,65,6.76,21.45,42.28
NM Hauritz,Test,4,65,3.11,33.91,74.49
L Pope,BBL,0,64,8.38,21.47,30.89
Mohammad Amir,CPL,7,64,7.17,18.02,50.36
S Ravichandran,T20I,1,64,4.9,11.25,52.21
B Kumar,Test,4,64,2.94,25.69,78.3
Ravi Bishnoi,T20I,7,64,7.49,20.08,43.01
NT Ellis,T20I,7,64,7.68,16.03,40.65
E Bisht,ODI,5,64,3.92,19.36,61.99
S Thakor,T20I,1,64,5.53,13.94,52.12
J Little,ODI,3,64,6.23,32.31,51.88
AU Rashid,Test,4,64,3.76,37.34,64.48
LH Ferguson,IPL,0,64,9.12,26.14,38.33
I Nakisuuyi,T20I,1,64,5.1,14.73,51.98
TL Chatara,T20I,7,64,7.16,21.17,45.16
XJ Doherty,ODI,3,63,4.79,34.76,51.06
T Shamsi,CPL,7,63,7.13,18.24,42.92
P Vastrakar,T20I,7,63,6.46,19.0,48.74
S Kaul,IPL,0,63,8.59,27.6,33.74
AS Joseph,T20I,0,63,9.13,23.73,38.96
NR Sciver,ODI,5,63,4.53,27.67,58.05
NL McCullum,T20I,7,63,6.83,20.29,36.33
KMA Paul,CPL,0,63,9.06,27.84,34.85
WD Parnell,T20I,0,63,8.23,24.02,38.8
SM Curran,IPL,0,63,9.68,32.27,32.86
LN Rajbanshi,ODI,5,63,3.92,23.97,61.75
PA van Meekeren,ODI,5,63,5.37,24.37,56.24
JC Tredwell,ODI,5,63,4.77,26.05,52.42
A Nortje,IPL,0,63,9.02,26.92,40.16
SA Jumbe,T20I,7,63,7.66,20.27,42.5
Zahoor Khan,T20I,7,63,6.75,17.67,38.32
IE O'Brien,Test,4,62,3.4,34.61,75.86
AA Alleyne,ODI,5,62,5.48,24.35,54.2
Imran Khan,T20I,7,62,7.03,19.21,46.95
HM Rowe,ODI,5,62,4.78,26.58,59.67
Iqra Sahar,T20I,1,62,5.26,19.23,59.78
Nida Dar,ODI,3,62,4.61,35.5,55.92
AC Jayangani,ODI,3,62,5.26,31.95,49.27
Imran Tahir,T20I,7,62,6.73,14.98,33.94
Naseem Shah,Test,4,62,3.65,34.0,71.62
NP Kenjige,ODI,3,62,4.2,33.11,57.61
Noor Ahmad,IPL,0,62,8.13,24.11,34.36
A Nortje,T20I,7,62,7.34,19.03,44.92
Faheem Ashraf,T20I,0,62,7.83,24.15,40.02
MP Stoinis,BBL,0,62,8.45,22.61,33.87
AD Russell,T20I,0,62,9.47,30.31,35.13
S Siegers,T20I,7,62,6.23,24.08,44.68
C Murray,ODI,3,62,6.0,28.87,45.72
YM Nkanya,T20I,1,62,5.21,12.89,51.68
JA Duffy,T20I,7,62,8.03,19.77,46.72
D Olivier,Test,5,61,3.73,23.48,73.32
I Ntirenganya,T20I,7,61,6.86,21.54,50.96
IK Gamantika,T20I,7,61,5.52,14.74,46.16
B Stanlake,BBL,0,61,8.16,28.59,42.01
Naseem Shah,ODI,5,61,5.51,24.56,55.58
Jasdeep Singh,ODI,3,61,5.63,31.03,53.29
Mohammad Wasim,PSL,0,61,9.59,28.82,31.91
G Sesay,T20I,1,61,6.26,13.46,55.4
BAW Mendis,T20I,7,61,6.58,15.08,40.41
Ahmed Raza,ODI,5,61,4.14,28.21,57.23
DL Brangman,T20I,1,61,5.41,11.62,54.83
Rahat Ali,Test,4,61,3.2,37.11,74.72
S Rana,ODI,5,61,5.03,26.59,50.39
M Kelly,BBL,7,61,8.08,18.52,38.14
Shoriful Islam,ODI,5,61,5.44,25.97,58.48
T Panyangara,ODI,3,60,5.58,40.32,57.18
Imran Tahir,PSL,7,60,7.05,18.33,33.01
SMSM Senanayake,ODI,3,60,4.77,31.23,52.97
Rabeya Khan,T20I,7,60,5.6,18.17,43.58
Haris Rauf,BBL,7,60,7.92,15.38,39.06
KJ Garth,ODI,5,60,4.21,20.25,65.63
KJ O'Brien,ODI,3,60,5.64,36.37,53.57
TU Deshpande,IPL,0,60,10.04,30.97,36.13
K Ramharack,ODI,5,60,4.68,28.52,53.83
H Kerr,BBL,0,60,8.44,22.53,31.01
SK Warne,IPL,0,60,7.27,24.12,37.02
Ritu Moni,T20I,7,60,5.99,15.95,42.17
GB Hogg,BBL,7,60,6.72,22.98,35.8
Imran Tahir,Test,4,60,3.48,38.23,68.67
C Murray,T20I,7,60,6.88,21.17,38.81
B Ward,T20I,7,60,5.58,13.43,44.64
CJ Anderson,ODI,7,59,6.08,24.81,48.86
AF Milne,ODI,3,59,5.46,33.71,56.38
Poonam Yadav,ODI,5,59,4.09,28.59,56.31
R Trumpelmann,T20I,0,59,8.43,25.46,37.51
KA Pollard,ODI,3,59,5.72,34.9,40.57
AR Patel,Test,5,59,2.53,19.0,77.59
JN Gillespie,ODI,5,59,3.93,21.78,66.53
Sohail Tanvir,T20I,7,59,7.19,23.97,42.8
O Thomas,CPL,0,59,9.14,23.05,44.79
BJ McCarthy,ODI,5,59,5.94,29.63,54.76
SFM Devine,ODI,3,59,4.86,35.17,59.82
LV van Beek,ODI,5,59,5.43,28.69,57.67
L Ngidi,Test,5,59,3.14,22.98,76.76
DJS Dottin,ODI,5,59,5.14,24.02,57.46
Usman Khan,T20I,7,59,7.2,13.73,43.85
BA Carse,Test,5,59,3.83,29.68,69.24
T Sangha,BBL,0,59,7.41,20.98,32.73
Mohammad Hasnain,PSL,0,59,9.01,25.14,39.98
A Shukla,T20I,0,59,7.75,24.36,46.18
Qamar Mushtaque,T20I,7,59,6.77,14.08,45.24
S Molineux,T20I,7,58,6.11,17.45,42.76
A Mohammed,ODI,5,58,4.55,26.09,52.71
JW Hastings,BBL,7,58,7.82,17.34,40.8
RP Singh,T20I,1,58,5.66,13.72,52.37
Nasrulla Rana,T20I,7,58,7.82,20.84,42.56
MA Leask,T20I,7,58,7.46,19.76,37.85
IS Sodhi,Test,4,58,3.71,43.1,68.4
RE van der Merwe,ODI,5,58,4.53,28.97,51.1
S Pandey,ODI,5,58,4.05,20.16,64.86
Sayed Monib,T20I,7,58,8.41,16.6,39.88
A Sutherland,T20I,7,58,6.59,16.88,43.61
UWMBCA Welegedara,Test,4,58,3.53,39.19,72.21
D Gough,ODI,5,58,4.49,25.1,62.71
Ali Khan,CPL,0,58,8.71,23.09,40.78
RMS Eranga,Test,4,58,3.26,36.86,72.48
V Sehwag,ODI,3,58,5.03,35.12,45.62
Washington Sundar,T20I,7,58,7.05,21.09,41.02
JEC Franklin,ODI,3,58,5.09,36.74,56.49
A Mohammed,T20I,7,57,5.84,19.47,41.45
D van Niekerk,T20I,7,57,5.33,15.46,42.68
JS Patel,Test,4,57,3.26,49.25,73.32
RA Reifer,CPL,0,57,8.96,20.6,35.88
MR Marsh,ODI,3,57,5.49,35.28,49.93
D Wiese,CPL,0,57,9.09,21.96,34.5
Dawood Ahmadzai,T20I,7,57,6.59,19.93,47.1
Zulfiqar Babar,Test,4,57,2.85,37.35,73.62
Sadia Iqbal,ODI,5,57,4.04,21.7,62.33
Fawad Ahmed,CPL,7,57,6.4,17.18,45.53
DJ Bravo,BBL,0,57,8.07,22.67,28.3
Umaid Asif,PSL,0,57,8.42,25.6,36.44
IKEG Artawan,T20I,7,57,6.81,22.96,41.68
MA Wood,T20I,7,57,8.49,18.77,42.86
Aayan Afzal Khan,ODI,5,57,4.2,27.35,59.35
G Wareham,ODI,5,57,4.39,24.54,56.61
Ghulam Ahmadi,T20I,7,57,6.19,17.39,52.24
LM Kasperek,ODI,5,57,4.08,19.05,58.3
TG Southee,IPL,0,57,8.64,30.56,39.26
OU Ranasinghe,T20I,7,57,6.95,19.68,37.29
Zeeshan Maqsood,ODI,5,56,4.22,26.79,55.91
A Dananjaya,ODI,3,56,5.16,30.64,50.53
CRD Fernando,Test,4,56,3.52,36.45,70.62
EAJ Richardson,T20I,7,56,6.02,17.61,44.25
NLTC Perera,T20I,0,56,9.33,30.07,29.46
JN Frylinck,T20I,7,56,7.02,18.79,39.15
CL Tryon,ODI,3,56,4.79,37.5,54.88
IK Pathan,Test,4,56,3.23,30.68,75.65
SS Connell,T20I,7,56,6.85,24.11,49.28
MJ Clarke,ODI,3,56,4.91,32.52,44.38
M Koli,T20I,7,56,7.36,19.3,50.06
Taskin Ahmed,Test,4,56,3.61,39.77,71.82
N Vanua,ODI,3,56,5.11,32.55,57.01
NM Hauritz,ODI,3,56,4.73,33.32,48.69
AG Cremer,Test,4,55,3.78,44.09,65.34
CAK Rajitha,Test,4,55,3.26,30.36,73.65
Mohammad Nawaz (3),PSL,0,55,7.14,24.51,41.61
MP Stoinis,T20I,0,55,8.78,23.49,34.88
Kaleem Sana,ODI,5,55,4.45,21.33,64.52
MG Erasmus,ODI,5,55,4.62,26.53,57.87
T van der Gugten,T20I,7,55,7.6,19.55,41.46
CB Sole,ODI,5,55,4.97,21.55,63.52
JN Gillespie,Test,4,55,2.66,29.82,79.62
N Vanua,T20I,7,55,7.47,18.85,43.94
Naseem Shah,PSL,0,55,8.17,29.07,42.67
Mohammad Rafique,ODI,3,55,4.44,38.89,54.99
Vinay Ravi,T20I,7,55,6.72,16.36,53.11
Rohan Mustafa,T20I,7,55,6.67,17.22,37.09
Mohammad Rafique,Test,4,55,3.05,40.98,71.91
S Kotte,T20I,1,55,3.97,10.69,62.05
P Useni,T20I,7,55,6.31,16.89,51.64
S Badree,T20I,7,55,6.31,20.18,47.06
M Mwatile,T20I,1,55,5.69,12.27,50.14
HNK Jensen,T20I,7,55,6.83,16.73,41.09
Muhammad Jawadullah,T20I,7,54,7.63,17.28,43.32
OF Smith,CPL,0,54,9.98,28.31,37.11
AL Phehlukwayo,T20I,0,54,8.87,20.59,32.58
Rumman Raees,PSL,0,54,7.88,23.87,37.82
V Saini,T20I,0,54,7.49,22.91,41.68
SS Cottrell,T20I,7,54,8.09,21.57,44.91
MP Kuhnemann,BBL,0,54,7.64,28.83,28.05
AC Agar,T20I,7,54,6.55,20.59,35.66
Mariamma Hyder,T20I,1,54,5.26,15.81,51.69
Bilal Hassun,T20I,7,54,6.7,14.43,52.29
MJ Henry,T20I,0,54,8.51,21.46,44.06
DE Bollinger,Test,5,54,3.18,24.0,76.35
AC Kerr,WPL,7,54,7.61,17.15,41.37
G Motie,ODI,3,54,4.85,31.63,52.27
B Murekatete,T20I,1,54,4.95,13.56,63.63
S Nadeem,IPL,0,54,7.54,33.04,33.05
JD Wildermuth,BBL,0,54,8.41,30.15,34.34
D Madushanka,ODI,5,53,6.02,22.75,54.79
CT Tremlett,Test,4,53,2.91,27.0,76.78
Shakeel Ahmed,ODI,1,53,3.45,14.47,67.54
M Pathirana,IPL,0,53,8.64,19.34,37.08
Amna Tariq,T20I,1,53,5.01,16.36,52.26
Anam Amin,T20I,7,53,5.93,20.21,47.51
GJ Maxwell,T20I,0,53,8.11,27.85,31.68
Mohammad Hafeez,Test,4,53,2.72,31.77,72.63
FH Edwards,ODI,5,53,4.97,27.58,58.32
Mujeeb Ur Rahman,BBL,7,53,6.42,24.38,43.96
C Rububagumya,T20I,7,53,7.43,19.85,39.46
LA Marsh,ODI,5,53,4.11,26.17,59.3
HASD Siriwardene,T20I,7,53,6.01,19.7,39.69
Salman Irshad,PSL,0,53,9.6,25.68,29.73
S Gopal,IPL,0,53,8.16,25.45,32.86
Mohammad Sami,PSL,7,53,6.89,16.79,45.68
Mohammad Saifuddin,T20I,0,53,8.68,25.79,32.59
Syed Rasel,ODI,5,53,4.66,30.21,61.8
SR Watson,T20I,0,53,7.66,21.51,37.29
RP Burl,T20I,0,53,7.34,23.32,37.39
DR Smith,ODI,3,53,5.06,34.94,54.23
RA Jadeja,T20I,0,53,7.13,28.02,39.92
D Jakiel,T20I,7,53,7.16,15.04,51.5
NM Coulter-Nile,IPL,7,52,7.62,21.15,44.69
H Hotchandani,T20I,1,52,4.61,13.46,53.95
E Sebareme,T20I,1,52,5.87,14.44,49.87
K Piet,T20I,7,52,6.48,15.69,50.4
AN Kelly,ODI,5,52,4.92,27.27,55.75
PA Chatterji,T20I,7,52,6.03,19.19,48.64
KM Jarvis,ODI,3,52,5.13,33.23,58.47
OC McCoy,T20I,0,52,8.75,22.85,38.53
HTRY Thornton,BBL,0,52,8.61,19.81,39.55
Jahanara Alam,T20I,7,52,6.14,19.27,52.6
Mukesh Kumar,IPL,0,52,10.51,27.98,33.81
Abrar Ahmed,T20I,7,52,6.87,18.15,42.23
NM Coulter-Nile,ODI,5,52,5.59,29.21,55.18
Aisya Eleesa,T20I,1,52,5.4,17.31,53.4
Khalid Ahmadi,T20I,7,52,6.48,13.0,50.32
Janak Prakash,T20I,0,52,8.72,22.79,38.9
SS Cottrell,ODI,3,52,5.98,30.38,53.53
C Hinze,T20I,1,52,5.23,12.54,57.62
Zeeshan Maqsood,T20I,7,52,6.54,20.92,39.68
M Ribeiro,T20I,1,52,4.72,9.77,63.31
MD Craig,Test,4,52,3.8,44.73,69.78
Umair Tariq,T20I,7,52,8.31,15.27,44.68
B Muzarabani,Test,4,52,3.38,26.79,74.11
MR Marsh,Test,4,52,3.5,39.63,72.01
AJ Tye,T20I,0,51,8.61,18.0,36.56
WP Masakadza,T20I,0,51,7.46,30.1,34.57
DBL Powell,ODI,5,51,4.69,31.65,63.52
Khizar Hayat,T20I,7,51,6.45,20.39,40.7
LK Bell,ODI,5,51,5.43,27.67,59.49
MM Ali,T20I,0,51,8.3,26.8,33.4
M Jansen,ODI,3,51,6.4,33.82,56.18
V Hamunyela,T20I,1,51,4.84,16.69,56.06
DJ Willey,T20I,0,51,8.25,22.69,40.67
JNT Seales,ODI,5,51,5.93,30.22,56.79
Usman Najeeb,T20I,7,51,7.61,18.76,44.9
Sana Mir,T20I,0,51,6.13,28.25,42.2
NW Sariani,T20I,1,51,3.57,7.18,63.25
VG Arora,IPL,0,51,9.63,27.57,36.53
GP Swann,T20I,7,51,6.39,16.41,36.39
GJ Delany,T20I,0,51,7.56,25.55,35.2
D Heyliger,T20I,7,51,7.47,23.8,45.74
V Permaul,CPL,0,51,6.78,30.69,42.85
K Ramharack,T20I,0,51,6.79,25.04,38.65
P Mishra,T20I,0,51,7.46,22.82,39.32
Maria Jasvi,T20I,1,51,5.68,15.78,52.88
Zaman Khan,PSL,0,51,8.69,22.55,36.9
DR Tuffey,ODI,5,51,4.96,30.88,62.45
T Lungameni,ODI,5,51,4.53,23.29,61.6
I Takahashi,T20I,7,51,5.88,15.71,50.24
SP Narine,T20I,7,51,6.01,20.45,43.04
SR Clark,ODI,5,51,4.78,26.92,57.67
JS Paris,BBL,0,50,8.58,28.5,40.66
CJ McKay,BBL,0,50,8.15,20.06,36.99
KA Maharaj,T20I,0,50,7.75,25.14,34.33
S Ecclestone,Test,4,50,2.91,27.52,76.27
CH Morris,ODI,3,50,5.62,34.86,53.9
T Thushara,ODI,5,50,5.21,26.82,57.54
J Coetzee,T20I,1,50,4.73,8.08,60.04
MG Bracewell,ODI,3,50,4.93,31.82,51.45
DJG Sammy,T20I,0,50,7.27,21.98,35.17
JA Morkel,ODI,3,50,5.54,34.14,49.68
M Klaas,T20I,0,50,7.88,27.14,39.5
H Fennell,T20I,1,50,6.06,12.74,53.41
Sami Sohail,T20I,7,50,7.0,15.66,40.69
Sirajullah Khadim,T20I,7,50,6.31,15.1,46.52
RS Gayakwad,T20I,7,50,6.03,18.44,48.42
P Marange,T20I,1,50,4.62,15.32,58.45
SN Shihepo,T20I,1,50,5.46,13.36,57.08
I Barma,T20I,1,50,4.56,12.5,52.37
Abrar Ahmed,PSL,0,50,7.85,23.32,35.24
L Tshuma,T20I,7,50,5.84,17.04,44.8
Usman Shinwari,PSL,0,50,8.65,23.22,34.53
SB Jakati,IPL,0,50,8.01,29.02,32.66
Riazat Ali Shah,T20I,7,50,6.96,18.58,46.44
E Wachira,T20I,1,50,4.66,11.32,55.01
C de Grandhomme,Test,4,49,2.38,32.96,80.21
NK Ariani,T20I,1,49,4.5,9.78,55.24
R Rampaul,Test,4,49,2.95,34.8,74.92
K Nassoro,T20I,7,49,6.71,19.73,45.9
M Morkel,T20I,7,49,7.39,23.9,46.06
Fayyaz Butt,T20I,7,49,7.83,21.82,43.59
Amjad Sher,T20I,7,49,6.53,19.45,51.03
N Navaika,T20I,1,49,5.35,12.16,50.6
S Tuhadeleni,T20I,1,49,5.07,12.73,57.32
NLKWR Dewi,T20I,1,49,4.45,9.31,62.44
GJ Maxwell,BBL,0,49,7.69,31.55,29.52
Shahid Afridi,PSL,0,49,7.17,24.69,39.43
RM Koda,T20I,7,49,6.68,25.1,48.46
I van Zyl,T20I,1,49,4.69,14.55,58.05
Yasir Ali,T20I,1,49,5.81,12.0,48.11
PE Mendonca,T20I,1,49,4.78,13.88,53.86
A Kumble,IPL,7,49,6.54,21.59,40.93
M Prasidh Krishna,ODI,5,49,6.05,28.12,55.82
KD Mills,T20I,0,49,8.17,25.06,41.69
W O'Rourke,Test,5,49,3.5,24.55,74.92
OH Agbomadzie,T20I,1,49,5.4,15.71,52.45
HK Matthews,WPL,7,49,7.6,17.61,39.06
Khushi Sharma,T20I,1,49,5.32,13.53,53.21
DM Kimmince,T20I,7,49,6.72,18.51,36.67
DM de Silva,ODI,3,49,5.17,36.04,45.46
KMDN Kulasekara,Test,4,49,3.04,34.8,74.69
Nur Arianna Natsya,T20I,1,49,5.55,14.98,52.39
S Ecclestone,WPL,7,48,6.84,18.27,43.56
TJ Murtagh,ODI,5,48,4.58,26.33,62.2
MP Stoinis,ODI,3,48,6.01,42.31,45.1
L Malino,T20I,1,48,4.83,12.25,59.64
SM Curran,ODI,3,48,6.06,34.48,49.3
AJ Tye,IPL,0,48,8.55,20.4,32.61
RJW Topley,ODI,5,48,5.39,25.1,56.97
S Conteh,T20I,7,48,6.34,16.23,50.34
K Irakoze,T20I,7,48,6.94,21.77,44.47
WB Rankin,T20I,7,48,6.39,19.33,47.42
S Lamichhane,BBL,0,48,7.42,24.71,34.1
KJ O'Brien,T20I,7,48,7.09,14.79,39.1
RRS Cornwall,CPL,0,48,7.99,26.06,41.17
HC Knight,ODI,5,48,4.47,21.12,54.78
W Sutherland,BBL,0,48,8.83,34.23,36.08
KM Jarvis,Test,4,48,3.21,28.21,74.45
JW Dernbach,T20I,0,48,8.45,24.04,39.44
LV van Beek,T20I,7,48,7.79,17.52,42.13
Abrar Ahmed,Test,4,48,3.6,32.92,68.8
Marufa Akter,T20I,7,48,6.56,22.08,50.88
FJ Klaassen,T20I,7,48,7.64,22.56,44.0
MP Stoinis,IPL,0,48,9.91,32.23,28.82
G Motie,T20I,0,48,7.99,23.96,35.88
D Hazell,T20I,7,48,5.81,19.56,42.83
M Hill,T20I,1,48,4.96,15.31,52.87
Mas Elysa,T20I,1,48,5.63,14.94,49.21
S Aravind,IPL,0,48,8.19,21.65,39.68
SC Williams,T20I,0,48,6.88,26.17,33.67
JDF Vandersay,ODI,5,48,5.32,26.4,47.62
JL Gunn,T20I,7,48,6.42,15.4,38.49
CJ Jordan,PSL,0,48,8.62,23.65,32.03
Fitri Sham,T20I,7,47,6.79,18.02,42.06
M Jansen,IPL,0,47,9.53,34.72,37.78
CJ Jordan,ODI,3,47,6.08,35.04,50.15
K Klein,ODI,1,47,4.85,19.49,61.34
NJ Rimmington,BBL,0,47,8.19,22.47,36.69
RJ Harris,IPL,7,47,7.54,22.28,46.82
Umar Adam,T20I,7,47,7.34,19.13,45.85
Shoaib Akhtar,Test,5,47,3.46,23.6,72.35
L Udeh,T20I,1,47,4.05,10.23,66.2
A Reddy,T20I,0,47,7.74,27.06,35.7
AS Qwele,T20I,1,47,5.02,10.91,61.66
SM Curran,Test,4,47,3.23,35.51,75.02
TS Sekhukhune,T20I,7,47,7.62,19.85,42.99
PWH de Silva,IPL,0,47,8.41,23.81,34.59
Zain Ul Abidin,T20I,7,47,5.79,16.94,46.06
Aamir Kaleem,T20I,7,47,7.7,18.02,35.76
Taranjeet Singh,T20I,7,47,6.71,18.91,44.91
Mohammad Ali,PSL,0,47,8.69,18.89,40.95
K Waiswa,T20I,7,47,7.32,16.64,43.06
A Vala,ODI,5,47,3.93,27.83,58.08
Shiraz Khan,T20I,7,47,6.35,20.64,44.93
LA Burns,T20I,1,47,5.61,12.91,47.3
Muhammad Amir,T20I,7,47,6.7,13.62,43.28
BFW de Leede,T20I,7,46,7.89,18.59,37.38
CR Brathwaite,ODI,3,46,5.8,35.37,47.27
S Gill,T20I,1,46,5.36,12.87,58.52
VR Aaron,IPL,0,46,8.87,32.2,41.42
HWA Landheer,T20I,7,46,6.16,15.63,52.0
L Cardoso,T20I,1,46,4.65,9.15,55.8
TT Soe,T20I,1,46,4.12,10.3,56.15
L Ngidi,IPL,0,46,8.38,18.89,39.87
KDA Lukies,T20I,1,46,5.38,11.54,55.57
Mohammad Naveed,ODI,5,46,5.33,29.59,56.37
YK Pathan,IPL,0,46,7.4,30.76,36.53
GD Arta,T20I,7,46,6.22,18.28,49.45
Basil Hameed,ODI,5,46,4.2,21.63,56.76
MM Ali,IPL,0,46,7.22,22.37,35.32
Al-Amin Hossain,T20I,7,46,7.08,15.48,44.61
V Vira,T20I,1,46,4.31,9.61,63.31
K Ndlovu,T20I,1,46,5.98,18.33,54.02
JE Taylor,CPL,0,46,8.56,28.04,41.81
PM Seelaar,T20I,0,46,7.22,23.33,34.64
MC Henriques,IPL,0,46,8.13,28.02,33.12
Renuka Singh,ODI,5,46,4.91,25.17,59.83
Mohammad Irfan,PSL,0,46,6.93,29.15,47.29
Mohamed Shafeeq,T20I,0,46,7.89,25.35,46.11
V Vijh,T20I,0,46,8.04,23.22,33.25
B Doggett,BBL,0,46,8.5,29.26,37.68
Tanzim Hasan Sakib,T20I,0,46,8.31,24.09,43.75
S Muniandy,T20I,0,46,8.78,25.2,32.58
CL Tryon,T20I,0,46,6.9,32.7,38.79
RJ Harris,ODI,1,46,4.83,18.09,59.38
Mohammad Wasim,T20I,0,46,8.37,19.59,40.71
R Vinay Kumar,ODI,3,46,5.93,30.93,54.51
SN Netravalkar,T20I,7,46,7.2,22.93,43.91
KW Richardson,T20I,0,46,8.28,21.98,39.43
S Badree,CPL,7,45,6.8,23.58,47.44
AD Mathews,T20I,0,45,7.11,29.47,44.77
Iqbal Abdulla,IPL,0,45,7.23,24.64,37.61
NM Lyon,BBL,7,45,7.19,20.4,35.9
JL Gunn,ODI,5,45,4.22,23.47,60.53
J Baguma,T20I,1,45,5.83,11.58,54.48
NN Saidi,T20I,1,45,4.91,13.18,54.34
MA Beer,BBL,0,45,6.71,27.67,38.69
GJ Maxwell,IPL,0,45,8.3,31.4,32.97
NR Sciver-Brunt,WPL,7,45,8.06,21.33,43.64
N Sibanda,T20I,7,45,6.21,22.51,52.25
EN Lynch,T20I,1,45,5.42,16.69,48.44
Mohammad Wasim,ODI,5,45,5.57,25.33,53.55
SE Bond,Test,5,45,3.22,17.56,75.07
Aqib Ilyas,T20I,7,45,6.03,15.53,42.53
TM Odoyo,ODI,5,45,4.36,25.58,63.91
Kaleemullah,ODI,5,45,4.31,32.11,66.04
Shakeel Ahmed,T20I,7,45,6.51,22.49,45.02
Hasan Mahmud,Test,4,45,3.56,30.47,72.42
KW Richardson,ODI,5,45,5.67,27.56,51.33
Diana Baig,T20I,7,45,6.67,23.98,49.02
S Jimmy,T20I,1,45,5.0,11.62,54.07
BFW de Leede,ODI,3,45,5.98,32.87,51.25
I Toua,T20I,1,45,4.59,13.09,54.16
Yash Dayal,IPL,0,45,9.47,30.89,36.21
Puja Mahato,T20I,1,45,5.24,16.91,54.99
CP Tremain,BBL,0,44,8.1,31.3,39.71
JS Patel,ODI,3,44,5.0,33.55,48.7
SW Tait,BBL,0,44,8.73,22.43,40.86
Imad Wasim,ODI,3,44,4.89,43.39,48.66
KJ Garth,T20I,7,44,6.67,23.73,47.92
JW Hastings,ODI,5,44,5.07,28.55,54.27
A Gurung,T20I,1,44,3.85,11.66,64.0
LT Bichard,T20I,7,44,6.24,15.41,45.25
Harmeet Singh,ODI,5,44,4.21,23.8,58.31
SK Springer,CPL,0,44,9.42,22.41,33.44
JEC Franklin,Test,4,44,3.43,40.41,73.82
Mohammad Saifuddin,ODI,3,44,5.93,29.02,47.83
Shakib Al Hasan,CPL,7,44,7.14,20.36,43.16
JP Duminy,Test,4,44,3.55,36.39,66.61
F Overdijk,T20I,7,44,6.83,17.02,47.26
S Veerapathiran,T20I,0,44,8.03,21.16,39.22
S Randiv,Test,4,44,3.07,36.66,70.21
DJM Short,BBL,0,44,8.54,30.68,28.38
Rashid Khan,PSL,7,44,6.14,15.48,44.44
Namgay Thinley,T20I,7,44,5.75,15.25,48.0
J Rasu,T20I,7,44,7.46,16.23,45.99
WK Dilhari,ODI,3,44,4.93,32.59,49.71
Waqar Salamkheil,CPL,0,44,7.99,22.75,41.62
PJ Sangwan,IPL,0,44,8.63,28.18,39.21
Nayeem Hasan,Test,4,44,3.07,28.8,72.13
RL Chase,T20I,0,44,7.59,27.11,34.04
AR Nurse,ODI,3,44,5.54,45.18,44.26
RL Chase,ODI,3,44,5.15,47.91,47.31
DBL Powell,Test,4,43,3.62,54.7,71.59
Sohail Khan,PSL,0,43,8.85,32.37,38.24
NK Patel,ODI,5,43,4.67,27.7,53.23
DE Bollinger,IPL,7,43,7.19,16.12,46.71
Rabeya Khan,ODI,5,43,3.96,23.67,56.87
S Sreesanth,IPL,0,43,7.93,27.77,46.07
P Hatzoglou,BBL,0,43,7.8,28.65,33.33
P Awana,IPL,0,43,8.22,23.93,40.88
D Wiese,PSL,0,43,8.26,28.3,26.58
CD Collymore,Test,4,43,2.81,37.74,77.31
A Dcosta,T20I,1,43,5.21,13.53,53.58
DM de Silva,Test,4,43,3.33,53.93,65.35
J Edwards,BBL,7,43,7.89,20.35,41.35
TS Mills,PSL,0,43,8.35,21.0,42.06
HDJ Siegers,T20I,7,43,6.16,17.49,50.07
AC Evans,T20I,7,43,8.08,19.81,41.55
Samiullah Rahmani,T20I,7,43,7.05,12.51,39.52
R Slater,T20I,7,43,6.57,18.95,51.08
Ikramullah Khan,T20I,0,43,8.25,21.93,36.59
SH Johnson,BBL,7,43,7.49,18.33,49.45
MG Johnson,T20I,7,42,7.21,18.98,45.55
Mahmudullah,Test,4,42,3.44,46.4,65.75
S Tippoch,T20I,1,42,4.46,13.64,53.83
Mashrafe Mortaza,Test,4,42,3.26,41.88,73.48
VD Philander,ODI,5,42,4.59,23.48,61.29
J Sumerauer,T20I,7,42,7.57,20.19,43.6
Rahmatullah Mangal,T20I,1,42,6.47,13.4,52.87
Nasum Ahmed,T20I,0,42,7.58,25.79,41.54
P Koech,T20I,7,42,7.66,21.19,48.92
R Sharma,IPL,0,42,7.02,25.86,37.07
AM Hardie,BBL,0,42,8.37,23.76,33.99
AM Fernando,ODI,3,42,6.07,31.02,53.11
J Maguire,T20I,7,42,6.57,18.6,47.83
NC Monteiro,T20I,1,42,4.43,9.98,56.16
MD Shanaka,T20I,0,42,8.27,26.1,30.69
SC Selman,T20I,7,42,6.01,21.14,47.8
S Luus,T20I,0,42,6.89,26.05,35.78
KKN Egodage,T20I,1,42,5.04,15.0,50.0
TS Sekhukhune,ODI,3,42,5.03,32.38,56.93
LR Morris,BBL,0,42,8.2,21.86,41.67
SK Raina,ODI,3,42,5.1,43.02,45.1
Harshit Rana,IPL,0,42,9.45,24.5,40.12
J Botha,T20I,7,42,6.35,19.81,40.2
HH Streak,ODI,5,42,4.19,24.76,63.72
Washington Sundar,IPL,0,42,7.76,36.19,33.67
J Botha,BBL,0,42,7.2,35.0,34.37
Syazrul Idrus,T20I,7,42,7.18,13.33,46.58
KR Mayers,CPL,0,42,8.09,28.31,44.33
A Vala,T20I,7,42,6.28,14.93,39.73
SS Connell,ODI,3,41,4.92,38.34,58.1
CH Gayle,Test,4,41,2.72,41.76,70.96
R Coker,T20I,7,41,5.68,20.71,50.28
KH Brunt,Test,4,41,2.45,19.44,80.15
Ali Naseer,T20I,7,41,7.67,21.05,40.0
B Lee,BBL,7,41,7.21,23.71,44.87
SAN Maypriani,T20I,1,41,4.0,10.76,62.39
SA Ahmad,T20I,7,41,5.67,14.83,45.88
GK Diviya,T20I,1,41,4.17,13.9,62.24
SF Tiai,T20I,7,41,6.87,16.8,39.7
Gulsan Jha,ODI,3,41,5.94,32.93,52.82
SIP Fernando,T20I,7,41,6.07,17.83,46.12
Khawar Ali,T20I,7,41,6.66,16.15,34.06
Khushdil Shah,PSL,0,41,8.02,22.49,35.94
KS Williamson,ODI,3,41,5.35,31.95,42.98
Khawar Ali,ODI,5,41,4.72,29.02,51.59
LA Dawson,T20I,0,41,7.82,22.17,34.43
Mohammad Asif,ODI,3,41,4.66,32.54,63.0
JM Kerr,T20I,0,41,6.71,29.98,46.13
MW Forde,CPL,7,41,8.2,18.34,48.18
DJ Worrall,BBL,0,41,8.02,30.68,44.31
DN Wellalage,ODI,3,41,5.16,32.85,50.51
Mohammad Nabi,CPL,7,41,5.85,15.71,45.61
Mohammad Nadeem,T20I,0,41,7.78,25.39,37.98
AF Giles,ODI,5,41,4.06,28.05,53.71
Mengting Liu,T20I,1,41,4.14,7.46,64.64
MW Short,BBL,0,41,7.63,30.56,32.49
S Kananji,T20I,1,41,4.65,11.02,68.27
EJ Carson,T20I,7,41,6.54,18.17,41.08
Ebadat Hossain,Test,4,41,3.62,55.39,72.4
S Pandey,WPL,7,41,7.15,22.83,44.91
NT Ellis,ODI,5,41,5.17,26.78,52.24
Wahab Riaz,T20I,0,41,8.07,23.68,38.92
J Overton,BBL,0,41,8.34,19.59,38.93
Raja Adeel,T20I,1,41,5.88,12.22,54.79
RS Bopara,ODI,3,41,4.92,36.39,50.58
A Chandel,T20I,1,40,5.01,16.48,55.7
KA Pollard,T20I,0,40,8.37,28.5,29.74
AF Giles,Test,4,40,3.17,49.05,71.25
K McGill,T20I,7,40,6.09,12.32,46.3
DL Vettori,T20I,7,40,5.83,19.32,40.38
C Green,Test,4,40,3.5,38.83,71.01
DT Christian,IPL,0,40,8.07,29.8,35.67
WD Parnell,IPL,0,40,7.71,23.42,42.8
Shahnawaz Dhani,PSL,0,40,9.02,20.32,39.37
Abbas Afridi,T20I,7,40,8.45,14.75,38.42
RR Patel,T20I,7,40,5.91,14.3,44.23
RP Singh,Test,4,40,3.97,42.05,72.08
H Thaker,T20I,7,40,6.07,18.0,47.05
SA Wittmann,T20I,1,40,5.24,16.02,58.86
M Upadhayay,T20I,1,40,4.63,10.78,57.89
M Taniyama,T20I,1,40,5.59,11.32,50.0
B Shikongo,T20I,7,40,6.97,18.52,44.2
LN Rajbanshi,T20I,7,40,6.56,20.32,44.35
CR Seneviratna,T20I,1,40,4.76,10.9,57.45
Chaya Mughal,T20I,1,40,4.65,17.8,60.5
AA Patil,T20I,7,40,5.72,16.7,43.51
L Idambo,T20I,1,40,5.01,12.85,62.76
Fayyaz Butt,ODI,3,40,5.67,31.18,52.8
T Tshose,T20I,7,40,7.26,20.02,43.2
KJ Abbott,Test,4,40,2.55,22.15,80.74
BJ Currie,ODI,1,40,4.22,13.08,66.62
Yuvraj Singh,IPL,0,39,7.43,27.62,30.92
Simi Singh,T20I,0,39,7.38,26.54,32.19
Fahima Khatun,ODI,3,39,4.54,30.26,50.48
LE Plunkett,Test,4,39,3.36,36.18,73.91
KV Morea,T20I,7,39,7.2,15.85,40.58
SA Abbott,ODI,3,39,5.7,32.59,53.55
JA Duffy,ODI,5,39,5.7,24.54,59.58
PWA Mulder,Test,4,39,2.87,25.33,77.28
M Kapp,WPL,7,39,6.01,20.62,52.99
M Kartik,IPL,0,39,7.22,35.59,35.1
HJ Manenti,T20I,7,39,6.69,11.69,43.77
T Mupariwa,ODI,3,39,5.27,30.92,54.84
S Joseph,T20I,0,39,9.09,19.1,39.02
VJ Kingma,ODI,5,39,5.1,26.56,62.32
Sahel Zadran,T20I,7,39,7.12,20.41,46.05
RR Beaton,CPL,0,39,8.75,30.13,40.69
Rizwan Haider,T20I,7,39,7.39,18.56,45.24
DB Sharma,WPL,0,39,8.39,25.92,30.43
Sazib Bhuiyan,T20I,0,39,8.83,17.59,29.61
Rubel Hossain,Test,4,39,3.83,70.87,66.81
MN Samuels,Test,4,39,3.36,46.67,66.3
FA Allen,CPL,0,39,7.98,28.08,40.34
DT Johnston,ODI,5,39,4.53,28.38,61.08
S Dube,T20I,0,39,9.64,24.31,31.19
SZ Vayani,T20I,7,39,6.75,20.49,46.06
Mashrafe Mortaza,T20I,0,39,8.18,36.59,36.96
MS Gony,IPL,0,39,8.65,33.0,40.99
MS Kasprowicz,Test,4,39,3.18,29.15,75.34
CBRLS Kumara,ODI,3,39,6.48,32.05,52.25
C Wright,T20I,7,39,6.8,18.54,45.61
R Sakurano-Thomas,T20I,7,39,6.64,15.72,50.36
Anwar Ali,PSL,0,39,9.08,33.46,35.5
LCN Smith,T20I,7,39,6.65,22.0,40.44
HJ Thomas,T20I,1,39,5.05,15.77,55.54
Ashwin Vinod,T20I,7,38,7.38,17.5,50.09
I Danladi,T20I,7,38,5.74,13.39,47.18
D Bishoo,ODI,3,38,4.93,43.89,50.07
A Nortje,ODI,5,38,5.85,25.84,53.27
PADLR Sandakan,Test,4,38,3.69,33.58,63.13
P Negi,IPL,0,38,7.87,24.71,34.78
D Pretorius,ODI,5,38,4.97,24.92,54.11
D Sabir,T20I,1,38,5.74,10.58,45.48
R Andrew,T20I,1,38,5.53,15.29,55.71
D Heyliger,ODI,5,38,5.09,23.26,58.25
Waqar Zalmai,T20I,7,38,7.67,22.37,42.26
Sanjida Akter Meghla,T20I,1,38,5.53,16.13,49.17
JL Jonassen,WPL,7,38,7.74,18.03,38.04
OU Ranasinghe,ODI,5,38,5.32,26.55,46.88
Aayan Afzal Khan,T20I,7,38,5.97,17.18,44.66
Nahid Rana,Test,3,38,4.53,36.84,65.03
Mujeeb Ur Rahman,CPL,7,38,6.36,16.58,51.68
Mudassar Bukhari,T20I,7,38,6.7,14.58,45.77
Sarfaraz Ali,T20I,7,38,7.13,21.08,38.13
JC Archer,BBL,7,38,7.62,20.84,41.51
SJ Benn,ODI,3,38,4.89,48.95,50.44
SI Mahmood,ODI,5,38,5.63,29.29,55.9
Hamza Tahir,ODI,5,38,4.29,26.47,54.98
UDU Chandana,ODI,5,38,4.85,26.42,51.41
CJA Amini,T20I,7,38,6.39,19.68,37.89
Sohag Gazi,Test,4,38,3.04,42.08,69.79
S Randiv,ODI,3,38,5.07,31.95,46.94
TL Best,Test,4,38,3.67,35.84,70.95
TK Curran,ODI,3,38,5.91,33.95,46.34
Basil Hameed,T20I,7,38,7.01,15.74,38.87
GD Elliott,ODI,3,38,5.5,28.95,47.13
Khurram Shahzad,Test,5,38,4.06,30.39,68.6
Maryam Omar,T20I,1,38,4.84,15.18,56.64
DP Nannes,IPL,7,38,7.25,20.66,47.08
Mohameed Taiwo,T20I,7,38,6.52,22.11,49.68
Sarawut Maliwan,T20I,7,38,6.76,19.03,38.01
Ruchitha Venkatesh,T20I,7,38,5.32,21.92,50.53
Mohsin Khan,IPL,0,38,8.41,24.13,42.97
N Nipiko,T20I,7,38,7.87,14.82,41.96
Mahmudullah,T20I,0,38,7.37,27.05,32.97
Asmavia Iqbal,T20I,7,38,6.31,16.53,47.91
KP Meiyappan,ODI,3,38,5.53,29.32,49.25
I Nandakumar,T20I,1,38,4.84,18.95,55.43
KM Beams,ODI,5,38,3.93,19.95,58.34
Ateeq Iqbal,T20I,7,38,6.12,19.42,49.38
P Siaka,T20I,1,37,4.28,10.78,53.75
A Canning,T20I,1,37,5.4,21.54,54.63
YK Pathan,ODI,3,37,5.5,36.89,42.95
A Kohli,T20I,7,37,5.8,19.59,48.67
EU Kejarukua,T20I,1,37,4.73,17.95,55.82
MS Kasprowicz,ODI,1,37,3.96,15.49,63.98
MR Marsh,IPL,0,37,8.47,21.49,33.57
Mir Hamza,PSL,0,37,8.67,26.97,39.65
V Sehwag,Test,4,37,2.92,42.95,71.04
BD Glover,T20I,7,37,6.58,13.54,49.67
JF Mooney,ODI,5,37,5.47,29.68,56.1
AJ Parmar,T20I,7,37,6.42,13.35,42.21
Riya Sharma,T20I,1,37,5.31,16.81,52.35
Abdul Naser Baluch,T20I,7,37,7.08,15.3,50.42
NLTC Perera,IPL,0,37,8.7,27.46,33.95
DL Piedt,Test,4,37,3.76,41.11,68.2
NG Smith,Test,5,37,4.04,23.22,68.91
N Boje,Test,4,37,3.26,50.11,72.51
Abrar Ahmed,ODI,5,37,4.33,20.35,56.61
L Moises,T20I,1,37,4.12,10.68,59.3
M Markande,IPL,0,37,9.15,30.95,29.69
GM Muthui,T20I,7,37,6.55,16.19,55.74
AC Evans,ODI,3,37,5.45,31.03,58.86
SA Abbott,T20I,0,37,9.19,23.11,36.2
S Yeshi,T20I,7,37,5.55,19.35,49.35
SN Thakur,T20I,0,37,9.09,20.03,38.65
Harpreet Brar,IPL,0,37,7.99,30.95,34.3
FH Edwards,CPL,0,37,8.28,25.81,44.22
KR Mayers,Test,5,37,2.43,16.81,80.04
Habib Khan,T20I,7,37,6.57,14.05,46.95
Tuba Hassan,T20I,7,37,6.47,26.73,43.84
HK Bennett,ODI,5,37,5.5,22.16,55.64
RA Mair,T20I,7,37,6.56,25.49,43.74
R Shepherd,ODI,3,37,5.48,35.92,54.74
CBRLS Kumara,T20I,0,37,8.3,19.59,39.69
R Tewatia,IPL,0,36,7.89,30.86,31.95
D Brown,T20I,7,36,6.51,23.81,53.16
CJ Jordan,IPL,0,36,9.55,30.03,33.14
TM Dilshan,Test,4,36,3.09,43.61,68.84
Amjad Mahboob,T20I,0,36,8.31,20.11,39.58
HR Walsh,CPL,0,36,7.88,22.44,42.93
BMSM Kumari,ODI,3,36,5.23,39.92,48.15
KK Cooper,IPL,0,36,7.87,21.03,36.22
BJ Currie,T20I,1,36,5.88,12.25,51.78
MG Bracewell,T20I,7,36,7.34,20.56,37.69
A King,T20I,7,36,6.37,17.03,41.77
M Tom,T20I,1,36,5.17,16.58,59.16
M Theekshana,IPL,0,36,8.25,33.53,31.09
G Motie,Test,5,36,3.26,26.28,69.54
MJ Potts,Test,4,36,3.29,33.36,76.37
TL Best,ODI,5,36,5.13,26.28,59.71
BW Hilfenhaus,BBL,0,36,8.09,25.42,38.73
SC Selman,ODI,3,36,4.13,31.06,59.61
L Paul,T20I,7,36,5.85,15.33,42.76
Kaleemullah,T20I,7,36,7.05,23.97,47.28
A Gbla,T20I,7,36,6.5,14.0,44.52
C Mahamalage,T20I,1,36,5.69,17.06,51.7
AI Chudasama,T20I,1,36,5.14,17.72,52.62
Abdur Razzak,T20I,7,36,6.94,19.61,42.95
DMW Rawlins,T20I,7,36,5.93,20.11,51.71
DM Bess,Test,4,36,2.93,33.97,74.63
NM Coulter-Nile,T20I,0,36,8.23,22.25,40.75
Sadia Yousuf,ODI,5,36,4.4,25.89,55.74
Mohammad Ghazanfar,T20I,7,36,6.63,20.67,42.2
V Zimonjic,T20I,7,36,7.66,22.06,47.91
SR Patil,T20I,7,36,6.75,16.83,45.08
T Zangmo,T20I,1,36,4.85,15.5,49.71
Ahmadullah Shinwari,T20I,7,36,6.99,20.86,52.25
SVE Bharathi,T20I,1,36,5.06,13.47,52.52
C Bosch,T20I,7,36,7.86,16.44,41.37
BC Fortuin,T20I,7,36,7.78,21.33,41.05
JP Faulkner,T20I,0,36,7.84,18.03,33.0
CA Henry,T20I,7,36,6.76,27.39,48.11
Washington Sundar,Test,4,36,3.24,32.97,68.08
JL Pattinson,BBL,0,36,8.51,25.56,40.22
DG Blampied,T20I,7,36,6.85,19.17,40.89
DJ Willey,PSL,7,36,8.35,20.06,43.35
Junaid Khan,T20I,7,36,6.37,19.72,52.77
JN Frylinck,ODI,5,36,4.4,25.61,58.87
DA Payne,BBL,7,36,7.94,17.39,44.19
ASF Sirah,T20I,7,36,6.51,13.5,43.97
JJ Bazley,BBL,0,36,8.74,28.0,33.38
NMP Suwandewi,T20I,1,36,3.86,12.25,66.76
T Putthawong,ODI,1,35,3.62,14.34,66.71
Ali Khan,ODI,1,35,4.8,16.74,59.89
A Gardner,WPL,0,35,8.74,26.6,37.09
H Rathod,T20I,7,35,6.49,12.09,35.81
L Bruce,T20I,0,35,8.27,27.91,39.63
ZL Win,T20I,1,35,4.24,13.17,62.88
CD Collymore,ODI,3,35,4.18,36.11,61.62
J Kariko,T20I,1,35,5.08,13.06,49.81
J Gunasekar,T20I,1,35,4.67,11.51,49.81
Mohammad Sami,Test,4,35,3.78,64.69,69.66
E Kubwimana,T20I,0,35,8.83,19.51,43.53
S Bodha,T20I,0,35,8.61,18.83,39.43
Abdur Rehman,ODI,3,35,4.2,31.37,56.09
Sahir Naqash,T20I,7,35,7.17,13.8,43.07
Jasdeep Singh,T20I,0,35,8.31,25.4,39.72
Sadia Yousuf,T20I,7,35,6.22,18.29,39.55
C Rumistrzewicz,T20I,1,35,4.77,11.34,45.69
Rahat Ali,PSL,0,35,7.82,22.86,41.69
JNT Seales,CPL,0,35,9.09,32.8,42.61
E Malinga,IPL,0,35,9.2,21.29,35.6
KD Mills,Test,4,35,3.01,29.91,77.64
KJ Abbott,ODI,5,35,4.82,30.03,60.78
Adnan Idrees,T20I,7,35,7.4,18.77,39.77
M Ashwin,IPL,0,35,7.99,33.2,34.14
R Rijke,T20I,1,35,5.36,13.97,55.58
HR Huddleston,ODI,5,35,4.34,22.77,64.21
R Samson,T20I,1,35,4.99,12.0,54.65
LS Livingstone,T20I,0,35,8.71,23.94,33.1
AD Mathews,Test,4,35,2.71,51.37,76.57
Harmeet Singh,T20I,7,35,6.94,20.46,37.0
S Pandey,T20I,7,35,6.58,24.17,48.58
MM Baig,T20I,7,35,7.91,15.6,44.44
Kartik Tyagi,IPL,0,35,9.82,34.6,36.22
MH Ushanga,T20I,1,35,4.71,12.94,53.03
AG Cremer,T20I,0,35,7.45,21.74,34.75
D Pretorius,T20I,0,35,8.25,19.89,30.24
JM Bird,Test,4,35,3.2,29.77,77.21
Akif Javed,PSL,0,35,9.06,22.66,39.43
Khaled Ahmed,Test,4,35,3.51,45.89,71.75
SNJ O'Keefe,Test,4,35,2.77,29.4,73.65
HAM Shah,T20I,7,34,6.77,10.06,42.57
A Kamboj,IPL,0,34,9.83,24.0,38.76
Sikandar Raza,Test,4,34,3.3,46.09,67.82
Usman Shinwari,ODI,1,34,4.85,16.91,59.77
SF Jerome,T20I,1,34,4.5,13.82,53.27
Khurram Shahzad,PSL,7,34,8.13,18.18,45.39
KMA Paul,ODI,3,34,6.4,37.12,47.72
Naeem Islam,ODI,3,34,4.92,33.65,48.35
DL Vettori,IPL,0,34,6.79,25.85,36.42
VP Thamotharam,T20I,0,34,7.65,25.47,39.18
JA Burrows,T20I,7,34,7.06,14.15,42.79
RJW Topley,T20I,0,34,8.3,28.76,40.88
RJ Peterson,Test,4,34,3.52,39.65,73.35
A Nehra,T20I,7,34,7.8,19.79,43.44
PJ Ongondo,ODI,5,34,4.58,28.74,65.65
AR Cusack,ODI,5,34,5.22,24.94,54.36
CA Henry,ODI,3,34,5.05,38.0,58.67
A Dananjaya,Test,5,34,3.55,24.09,68.4
B Ito-Davis,T20I,1,34,4.33,8.24,59.54
A Salomao,T20I,1,34,5.18,16.18,58.4
JE Taylor,T20I,0,34,8.62,22.91,41.33
N Thushara,T20I,0,34,8.14,22.91,39.2
K Hinds,T20I,1,34,5.63,15.09,55.21
Milind Kumar,ODI,5,34,4.47,22.5,56.28
Joshua Asia,T20I,1,34,4.67,9.85,48.37
A Doddaballapur,T20I,1,34,4.39,8.29,58.44
MM Sharma,ODI,5,34,5.44,30.0,56.75
D Suzuki,T20I,7,34,7.12,19.26,44.57
NO Miller,ODI,3,34,4.91,41.0,49.15
BA Williams,ODI,5,34,4.04,18.91,67.12
J Overton,T20I,7,34,7.75,15.74,44.93
Naveen-ul-Haq,CPL,0,34,8.0,23.62,40.7
Adil Butt,T20I,7,33,8.04,17.58,51.27
Aysha,T20I,7,33,6.34,20.33,46.77
C Campher,T20I,0,33,8.35,31.58,32.31
K Amuge,T20I,1,33,4.31,8.27,63.42
DC Drakes,CPL,0,33,10.21,34.85,34.76
Shivam Mavi,IPL,0,33,8.63,28.55,40.76
Saim Ayub,T20I,7,33,7.42,19.61,39.2
Junaid Khan,PSL,0,33,8.42,23.64,35.79
Nonoha Yasumoto,T20I,1,33,4.36,11.7,61.96
JN Loftie-Eaton,ODI,5,33,5.4,26.76,49.49
RR Powar,ODI,3,33,4.68,33.58,53.66
HR Walsh,T20I,0,33,7.91,23.94,33.72
BV Vitori,ODI,3,33,5.84,30.24,52.98
U Shantu,T20I,7,33,6.82,14.3,55.66
AB Agarkar,IPL,0,33,8.81,34.88,34.82
A Kirschbaum,T20I,1,33,5.73,17.09,51.61
BA Carse,ODI,3,33,6.37,40.3,52.04
Haider Ali,T20I,7,33,6.3,19.48,45.59
GF Linde,T20I,7,33,7.29,21.64,40.31
G Onions,Test,4,33,3.57,29.0,73.23
GD Phillips,Test,4,33,3.57,31.03,63.24
SN Thakur,Test,4,33,3.73,31.03,69.44
AAP Rivero,T20I,1,33,5.21,12.39,48.83
TM McGrath,ODI,3,33,5.18,29.33,50.04
CJA Amini,ODI,3,33,4.85,39.03,53.55
LV Boas,T20I,1,33,5.14,11.94,60.43
R Sai Kishore,IPL,0,33,8.99,21.12,30.11
D Hazell,ODI,5,33,4.05,25.09,57.65
A Gardner,Test,5,33,2.53,18.15,77.43
S Molineux,ODI,1,33,3.88,16.48,64.13
S Prasanna,ODI,3,33,5.43,52.21,45.88
EA Osborne,ODI,5,33,4.44,20.64,55.16
Ma Ruike,T20I,1,33,4.91,12.27,60.2
C Campher,ODI,3,33,5.6,30.39,52.79
AJ Bichel,ODI,5,33,4.41,27.82,60.88
MF Maharoof,IPL,7,33,7.34,15.76,41.65
Ali Nayyer,T20I,7,33,7.18,18.64,46.3
GT Main,ODI,1,33,5.32,17.94,59.73
BW Hilfenhaus,ODI,3,33,5.24,32.58,59.43
L Bull,T20I,1,33,4.43,9.24,55.93
L Filer,ODI,5,33,5.1,25.27,59.67
MM Patel,Test,4,33,3.02,37.24,76.5
Faheem Ashraf,ODI,3,33,5.22,44.39,52.88
PP Chawla,ODI,3,33,5.1,33.85,52.7
CAK Rajitha,ODI,3,33,6.3,36.48,55.41
Qais Ahmad,BBL,0,33,7.67,23.39,31.95
JH Davey,T20I,0,33,8.1,22.94,37.25
Mohammad Naveed,T20I,1,33,5.73,14.15,53.78
DE Bollinger,BBL,0,33,8.34,33.36,38.51
Noman Amjad,T20I,0,33,7.17,27.12,47.93
RM Farrell,T20I,7,33,5.82,16.27,44.77
W Nalisa,T20I,7,33,6.97,20.12,40.21
K Klein,T20I,7,33,8.18,16.94,44.15
Ijaz Hussain,T20I,7,33,7.02,15.27,45.94
B Evans,ODI,5,33,5.77,28.3,54.32
G Coetzee,ODI,7,32,6.57,24.28,54.79
Festus Benn,T20I,7,32,6.37,15.03,45.47
Haroon Arshad,T20I,0,32,8.35,22.31,41.91
TK Curran,T20I,0,32,9.22,28.34,32.37
HMD Rasangika,T20I,7,32,6.76,17.44,40.61
RA Mair,ODI,3,32,5.21,35.5,56.39
PVD Chameera,Test,4,32,3.87,41.28,67.5
Pratik Singh Bais,T20I,1,32,5.77,16.22,55.74
HASD Siriwardene,ODI,3,32,4.73,41.0,52.31
Anas Khan,T20I,7,32,6.47,13.25,43.51
CH Morris,T20I,0,32,8.45,20.94,40.34
BA Pai,T20I,7,32,6.64,22.72,50.53
MA Baig,T20I,1,32,4.84,8.84,55.27
M Pathirana,T20I,0,32,8.19,19.06,38.26
MB Tambe,T20I,7,32,7.13,18.5,38.76
Khadija Tul Kubra,T20I,7,32,5.31,15.09,45.42
MJ Clarke,Test,4,32,2.89,36.09,70.42
MJ Humphreys,T20I,7,32,7.08,16.56,40.31
Anam Amin,ODI,5,32,3.91,22.75,63.83
M Jansen,T20I,0,32,8.87,28.88,45.28
A Kumble,ODI,3,32,4.57,35.75,55.33
FC Jonas,T20I,7,32,5.96,23.62,44.94
SR Patel,PSL,0,32,7.59,24.0,38.55
I Udana,T20I,0,32,8.69,28.59,32.44
Ibrahim Hassan,T20I,0,32,7.4,25.72,47.53
Saad Bin Zafar,ODI,3,32,4.32,40.69,55.56
K Arua,T20I,1,32,4.61,10.56,52.73
EA Perry,Test,4,32,2.5,24.12,77.86
SW Bates,T20I,7,32,6.55,21.12,36.35
AF Ifill,T20I,7,32,6.15,16.44,49.9
Ahsan Malik,T20I,7,32,7.54,17.62,36.75
IM Vaghela,T20I,1,32,5.02,12.62,54.45
A Zampa,IPL,0,32,8.38,20.38,30.62
KDU Prabodhani,ODI,3,32,4.62,38.88,59.62
DT Hondo,ODI,3,32,5.21,36.5,58.25
Marufa Akter,ODI,5,32,4.61,29.0,63.19
Abdullah Akbarjan,T20I,7,32,6.77,15.09,35.05
DL Chahar,T20I,0,32,8.33,22.47,43.05
Muhammad Wafiq,T20I,0,32,7.63,27.91,43.59
DR Sams,CPL,7,32,7.64,17.03,36.92
NM Salonen,T20I,7,32,6.81,17.34,47.65
A Mokgotlhe,T20I,1,32,5.17,20.25,58.51
Irfan Ringku,T20I,1,32,6.53,11.59,53.67
Naseem Shah,T20I,0,32,8.17,30.38,42.72
J Theron,ODI,1,32,5.1,20.84,54.34
O Prendergast,ODI,3,32,5.04,35.59,63.69
Wahab Riaz,CPL,0,32,7.73,24.47,44.74
P Maziya,T20I,1,32,5.12,12.03,55.21
CJ Gannon,BBL,0,32,8.84,23.62,30.21
AR McBrine,Test,4,32,3.59,40.72,66.08
Yasir Arafat,BBL,7,32,7.32,13.38,43.02
CM Greechan,T20I,1,32,3.33,7.88,63.22
Mustafizur Rahman,Test,4,31,3.18,36.74,74.85
R Hashu,T20I,7,31,7.42,12.13,43.75
AR Puri,T20I,0,31,7.91,28.32,37.54
MI Khagoitsa,T20I,1,31,4.18,9.71,67.36
MD Botha,T20I,1,31,3.99,8.65,63.28
MJ Santner,IPL,0,31,7.5,27.74,36.05
MR Marsh,BBL,0,31,8.87,30.0,33.39
MR Gillespie,ODI,3,31,5.41,38.45,58.97
Mohammad Hafeez,CPL,7,31,6.07,23.58,45.92
R Rampaul,T20I,0,31,8.19,25.9,39.63
Rashid Khan,CPL,7,31,5.99,19.9,52.91
Mohammad Nabi,BBL,0,31,7.4,25.52,32.14
DP Nannes,BBL,7,31,6.98,19.74,46.58
F Mutua,T20I,7,31,7.36,19.16,43.6
Usman Tariq,CPL,7,31,6.82,15.87,45.96
V Permaul,Test,4,31,3.36,38.16,70.69
Umran Malik,IPL,0,31,9.32,24.9,43.66
E Toguchi-Quinn,T20I,1,31,4.86,12.13,55.17
FG Kemp,T20I,7,31,7.76,19.81,40.84
HV Patel,T20I,0,31,9.11,24.84,36.29
CM Gough,T20I,1,31,5.26,15.32,52.95
BM Tickner,ODI,3,31,6.38,29.45,51.63
BMAJ Mendis,ODI,3,31,5.17,38.23,42.04
GI Hume,ODI,5,31,5.42,25.1,55.1
T Thushara,Test,4,31,3.65,31.65,71.28
A Morris,T20I,7,31,5.89,16.55,49.9
CR Woakes,IPL,0,31,8.95,21.23,39.23
Saud Munir,T20I,7,31,6.17,13.26,43.25
Shadab Khan,CPL,1,31,5.5,12.77,48.61
Ilenia Sims,T20I,7,31,6.0,13.94,39.81
Shafina Mahesh,T20I,7,31,6.01,21.58,53.74
JE Root,ODI,3,31,5.9,54.61,40.1
BA Stokes,IPL,0,31,8.59,32.0,36.08
A Singh,IPL,7,31,7.85,20.0,42.19
JDP Oram,Test,4,31,2.34,34.61,81.83
JW Dernbach,ODI,3,31,6.35,42.19,47.37
JP Greaves,Test,4,31,3.35,29.03,72.75
SR Tendulkar,ODI,3,31,5.51,44.61,43.63
SR Patil,WPL,0,31,8.71,20.13,35.81
K Bhurtel,T20I,7,31,7.11,16.13,39.1
AA Alleyne,T20I,0,31,7.72,33.81,40.98
K Joshi,T20I,7,31,5.3,18.45,46.91
Azhar Mahmood,IPL,0,31,7.75,22.58,38.01
KTGD Prasad,ODI,3,31,5.83,29.65,53.81
SA Mohandas,T20I,0,31,7.87,26.65,47.94
KS Williamson,Test,4,31,3.37,38.94,68.36
CA Rose,BBL,0,31,8.26,42.06,34.64
S Rana,Test,5,31,2.99,20.29,74.92
S Walaza,T20I,1,31,5.45,17.29,54.07
L Wood,BBL,0,31,8.97,23.06,38.49
LA Marsh,T20I,7,31,5.27,18.35,43.52
CR Woakes,T20I,0,31,8.14,25.74,42.01
Vijaykumar Vyshak,IPL,0,31,10.41,29.23,27.97
A Dutt,T20I,7,31,6.9,21.77,43.1
D Parashar,T20I,7,30,6.75,21.37,45.26
Bilal Muhammad,T20I,7,30,6.74,17.7,47.99
Shoriful Islam,Test,4,30,3.1,32.17,75.12
Simi Singh,ODI,5,30,3.83,20.3,60.44
DT Tiripano,ODI,3,30,5.86,40.93,50.12
Yash Thakur,IPL,0,30,10.49,27.5,33.26
A Dananjaya,T20I,0,30,8.22,30.93,34.12
CR Brathwaite,BBL,0,30,7.85,19.27,35.97
GC Murtaza,T20I,7,30,7.4,22.03,48.51
TL Chatara,Test,4,30,2.39,24.27,81.17
H Kaur,T20I,7,30,6.52,16.83,40.0
TM Head,ODI,3,30,5.75,38.23,42.77
C Udekwe,T20I,1,30,5.75,14.53,56.92
B White,T20I,0,30,8.34,30.13,34.46
Ibrahim Rizan,T20I,7,30,6.89,21.43,41.79
Milad Momend,T20I,0,30,8.92,19.03,38.54
R Shimwamana,T20I,1,30,3.56,10.8,64.65
MV Pavlovic,T20I,7,30,6.98,17.77,42.79
AM Phangiso,ODI,5,30,4.58,27.63,55.71
AM Blignaut,ODI,3,30,5.18,38.87,58.89
CJ Chibhabha,ODI,3,30,5.91,45.7,51.44
Mohammad Nawaz,PSL,0,30,9.18,33.67,31.67
M Dale-Bradley,T20I,7,30,6.58,16.37,43.97
M Kartik,ODI,3,30,5.05,33.97,50.33
MA Starc,BBL,7,30,7.92,15.23,46.24
MJ Ansell,T20I,1,30,5.39,15.4,55.25
MS Panesar,ODI,3,30,4.5,32.67,55.43
Rasikh Salam,IPL,0,30,9.93,27.13,31.71
AH Maqsood,ODI,1,30,4.5,15.63,58.79
Nazmul Hossain,ODI,3,30,5.22,32.23,58.96
Nahid Rana,ODI,1,30,4.62,18.77,62.79
Abu Jayed,Test,4,30,3.4,37.27,74.38
N Shree Charani,ODI,3,30,5.68,34.37,47.2
ND Laegsgaard,T20I,1,30,5.51,13.5,52.83
O Thomas,ODI,3,30,6.67,33.03,52.58
Priyada Murali,T20I,7,30,5.91,20.7,44.29
A Nao,T20I,7,30,6.1,15.8,50.86
Harmeet Singh,IPL,0,30,7.91,23.23,38.0
T Wangchuk,T20I,7,30,7.35,24.0,47.11
IJ Harvey,ODI,5,30,4.5,22.9,57.6
DP Nannes,T20I,7,30,7.52,15.3,46.45
SC van Schalkwyk,T20I,0,30,8.6,17.1,31.01
S Nampiina,T20I,1,30,5.21,9.43,54.29
S Joseph,CPL,0,30,8.67,23.37,41.24
S Shrivastava,ODI,1,30,5.13,18.13,56.6
Joyleen Kaur,T20I,1,30,5.62,12.4,48.61
SK Raina,IPL,0,30,7.39,37.27,32.93
JJ Huo,T20I,7,30,6.79,12.9,47.95
JA Morkel,T20I,0,30,8.08,27.6,35.93
B Lee,IPL,3,30,7.4,36.5,45.05
B Lee,T20I,0,30,7.62,23.8,43.95
ST Gabriel,ODI,3,30,6.14,36.27,50.14
HMCM Bandara,ODI,3,30,4.97,32.33,45.47
KA Jamieson,ODI,3,30,5.29,32.67,59.98
SW Tait,T20I,7,30,7.22,18.4,51.85
P Malav,T20I,7,29,7.63,19.03,36.18
OF Smith,T20I,0,29,10.2,26.62,30.4
O Bell,T20I,7,29,6.17,14.9,50.24
PK Matautaava,T20I,7,29,6.23,15.62,48.17
NK Patel,T20I,1,29,5.65,12.41,50.0
Zaki Ul Hassan,T20I,7,29,7.66,14.48,44.68
Amjad Javed,T20I,7,29,6.98,13.03,46.46
M Shahbaz Butt,T20I,7,29,5.78,15.34,48.05
Rubel Hossain,T20I,0,29,9.43,29.03,32.84
M Prasidh Krishna,Test,5,29,4.23,32.0,67.93
AJ Hall,Test,4,29,3.23,33.55,74.03
Rishad Hossain,ODI,5,29,5.45,26.52,50.12
Amarpal Kaur,T20I,1,29,4.53,8.69,54.19
MJ McClenaghan,T20I,0,29,7.74,27.14,41.48
Ahmed Raza,T20I,0,29,6.51,29.69,39.17
NM Lyon,ODI,3,29,4.92,46.0,50.55
PADLR Sandakan,ODI,3,29,6.17,53.07,42.25
P Vastrakar,ODI,3,29,5.51,34.21,55.46
SR Watson,PSL,0,29,8.27,21.1,35.59
Sasha Azmi,T20I,1,29,4.48,12.72,55.87
ST Finn,T20I,7,29,7.36,19.28,48.03
SW Bates,ODI,3,29,5.01,43.83,53.55
Karanbir Singh,T20I,7,29,8.51,16.59,39.53
S Wickramasekara,T20I,7,29,7.24,17.9,38.6
S Rana,T20I,7,29,6.05,17.38,44.4
S Lamichhane,CPL,1,29,5.8,15.38,52.06
LL Htun,T20I,1,29,4.6,12.03,54.51
LK O'Reilly,T20I,7,29,6.09,15.86,45.03
LE Plunkett,T20I,0,29,8.15,21.21,38.85
AE Satterthwaite,ODI,5,29,4.73,28.66,52.66
KS Leverock,T20I,7,29,6.52,17.76,49.37
A Wright,T20I,7,29,5.45,17.9,47.64
SPD Smith,ODI,3,29,5.41,33.48,42.75
B Khumalo,T20I,0,29,7.39,25.48,45.83
KC Brathwaite,Test,4,29,3.32,53.72,63.02
KOK Williams,T20I,0,29,9.37,23.1,30.54
K Juma,T20I,1,29,5.71,12.34,54.26
Jay Odedra,ODI,5,29,3.89,21.07,63.73
Z Burgess,T20I,1,29,5.55,17.55,57.27
Imran Haider,ODI,5,29,5.32,24.62,51.74
J Jarvis,ODI,5,29,5.5,24.03,55.13
Imran Khan (2),Test,4,29,3.35,31.62,75.11
B Stanlake,T20I,7,29,7.75,18.76,49.17
Suyash Sharma,IPL,0,29,8.88,41.03,32.71
H Lakov,T20I,0,29,8.45,26.38,44.01
CN Greaves,ODI,7,29,5.46,20.55,49.77
Hasan Mahmud,T20I,0,29,7.8,23.21,42.08
Hasan Mahmud,ODI,3,29,5.97,30.72,57.03
Huzaifa Mohammed,T20I,7,29,6.03,19.1,48.64
IJR Zwilling,ODI,1,29,3.43,13.9,70.45
Sufiyan Muqeem,PSL,7,29,7.88,18.52,37.9
Sonam,T20I,1,29,5.68,17.86,57.59
C de Grandhomme,ODI,3,29,4.78,41.93,53.74
Gulsan Jha,T20I,7,29,7.29,21.79,40.38
G Wareham,WPL,0,29,8.76,24.76,31.91
TI Gajanayake,T20I,7,29,6.29,21.03,45.19
A Martel,T20I,7,29,6.47,16.59,44.62
A Mazvishaya,T20I,7,29,6.01,15.79,46.39
CR Brathwaite,T20I,0,29,8.71,32.66,32.36
GA Priandana,T20I,7,29,7.38,17.86,42.04
Taijul Islam,ODI,5,29,4.73,23.79,54.57
C Abel,T20I,7,29,6.12,14.34,45.34
CS Nascimento,T20I,1,29,5.14,13.17,52.47
C Connolly,BBL,7,29,6.83,17.0,39.26
Usman Qadir,T20I,7,29,8.07,19.07,39.17
W O'Rourke,ODI,3,29,5.63,31.79,57.13
DJ Willey,BBL,0,29,7.77,24.79,44.32
Waqas Maqsood,PSL,0,29,8.58,20.86,32.86
Washington Sundar,ODI,3,29,4.91,29.31,51.49
D Brown,ODI,3,29,4.99,31.9,60.34
V Baskaran,T20I,0,28,7.37,25.21,41.22
PV Tambe,IPL,0,28,7.75,30.46,32.58
EA Osborne,T20I,7,28,5.77,16.93,37.12
SI Kamea,ODI,5,28,5.09,27.36,60.35
AD Mathews,IPL,0,28,8.17,38.54,29.92
Avesh Khan,T20I,0,28,8.75,24.89,44.35
CB Mpofu,T20I,0,28,9.28,31.75,36.87
SF Daley,T20I,1,28,5.55,13.71,51.57
EJB Miles,T20I,7,28,6.44,15.64,38.73
Tapash Baisya,ODI,3,28,5.71,38.82,57.27
Muhammad Saqlain,T20I,7,28,8.25,19.36,49.24
R Hekure,ODI,5,28,4.49,24.61,56.74
CH Morris,BBL,7,28,8.16,15.79,38.77
Muhammad Asim,T20I,7,28,7.0,21.71,41.07
R Oa,T20I,1,28,4.76,10.43,53.53
A Fujikawa,T20I,7,28,5.44,16.39,46.64
G Bakiweyem,T20I,7,28,6.61,21.93,49.37
Mohammad Nawaz,ODI,3,28,5.08,39.39,48.92
G Ngegba,T20I,1,28,5.29,12.71,51.24
Mohammad Hasnain,T20I,0,28,8.46,30.11,38.96
Mohammad Ilyas,PSL,0,28,9.29,25.39,38.13
K Thuchila,T20I,1,28,5.69,17.18,56.21
Ayan Khan,ODI,3,28,4.82,32.96,55.7
Yuvraj Singh,T20I,7,28,7.18,15.89,34.41
Mirab Razwan,T20I,7,28,5.84,15.21,49.77
AR Cusack,T20I,7,28,7.07,20.04,40.97
Ghulam Fatima,ODI,5,28,4.56,21.29,51.53
DN Wyatt,T20I,1,28,5.01,13.39,50.56
MW Forde,ODI,3,28,5.75,32.46,57.38
AR Adams,ODI,5,28,5.37,25.86,61.31
Vinu Kumar,T20I,1,28,5.42,16.36,52.86
Viola Komeda,T20I,1,28,5.25,6.46,52.66
BTJ Wheal,T20I,0,28,8.48,25.04,41.94
Arshdeep Singh,ODI,5,28,5.52,24.39,56.6
Arshad Iqbal,PSL,0,28,9.14,27.46,33.86
HA Chohan,T20I,7,28,6.17,16.54,51.33
HJ Thomas,ODI,1,28,3.7,16.75,63.95
Akash Deep,Test,4,28,3.85,35.79,70.36
Aamer Yamin,PSL,0,28,8.85,29.75,36.99
Sufiyan Muqeem,T20I,7,28,6.68,13.29,47.01
ML Cummins,Test,4,28,3.24,38.71,73.19
Harbhajan Singh,T20I,7,28,6.2,21.75,40.58
Harshit Rana,ODI,7,28,6.22,25.43,51.09
Hisham Sheikh,T20I,0,28,7.13,24.25,39.05
Shorna Akter,T20I,7,28,7.11,19.5,37.09
C Pengkumta,T20I,7,28,6.76,19.36,46.57
IK Pathan,T20I,0,28,8.07,21.04,41.78
MG Bracewell,Test,4,28,3.6,42.79,71.24
Iftikhar Ahmed,PSL,0,28,8.2,25.82,34.97
L Balaji,ODI,3,28,5.55,32.11,57.82
DAJ Bracewell,ODI,5,28,4.99,30.18,59.25
Shahadat Hossain,ODI,3,28,6.11,55.39,54.66
Shafali Verma,T20I,7,28,6.01,15.75,42.27
AJ McKay,ODI,5,28,5.18,28.57,59.87
Aminata Kamara,T20I,1,28,5.27,18.68,58.49
J Srinath,ODI,5,28,3.86,19.07,68.19
CA Soper,T20I,7,28,7.03,16.61,42.82
Nik Nur Atiela,T20I,1,28,5.2,11.36,48.77
STR Binny,IPL,0,28,7.64,27.07,34.29
LM Jongwe,ODI,3,28,5.97,38.04,50.84
SS Weerakkody,ODI,5,28,4.51,29.18,61.79
JN Loftie-Eaton,T20I,0,28,7.71,21.11,35.0
LH Rodrigues,T20I,1,28,5.28,16.04,57.06
LJ Myott,T20I,7,28,6.11,14.5,43.11
JR Hazlewood,BBL,7,28,7.34,17.57,41.04
LC Hatcher,BBL,0,28,8.65,26.32,39.33
O Kamchomphu,ODI,1,28,3.44,13.96,65.84
SO Tikolo,ODI,3,28,5.06,32.21,50.84
Yasir Shah,PSL,0,28,7.26,24.71,37.94
Abdul Razzaq,Test,4,28,3.68,33.71,70.71
N Pokana,ODI,5,28,4.09,19.43,63.08
P Kumar,Test,4,28,2.6,24.89,78.52
KM Jadhav,ODI,3,28,5.2,35.46,45.5
Asmavia Iqbal,ODI,3,27,5.43,37.37,56.68
C Green,IPL,0,27,9.4,33.26,36.13
Jahanara Alam,ODI,3,27,4.68,31.44,61.21
Enamul Haque jnr,Test,4,27,3.1,55.07,71.24
R Dhawan,IPL,0,27,8.04,33.0,32.78
JT Brassell,T20I,0,27,8.9,30.11,38.87
A Hartley,ODI,5,27,4.26,26.59,58.2
JT Brassell,ODI,5,27,5.21,28.89,58.95
XC Bartlett,T20I,7,27,7.92,19.59,41.9
SMSM Senanayake,T20I,7,27,6.78,20.33,42.8
Yves Cyusa,T20I,7,27,5.95,13.22,47.22
A Makri,T20I,1,27,5.85,17.19,55.67
Mohammed Shami,T20I,0,27,8.98,27.0,40.25
Bismah Maroof,T20I,7,27,5.97,20.52,35.37
Mohammed Nadeem,T20I,7,27,6.37,20.3,41.47
D Klein,T20I,7,27,6.19,18.41,51.87
S Mahmood,ODI,5,27,5.22,28.89,59.15
TT Bresnan,T20I,0,27,8.0,32.85,40.9
Faheem Ashraf,Test,4,27,3.1,36.7,77.03
DR Smith,IPL,0,27,8.95,30.0,32.97
RRS Cornwall,Test,4,27,2.87,44.26,73.28
RR Simmonds,CPL,0,27,8.82,27.44,31.75
MJ Mason,ODI,5,27,5.12,30.07,59.41
RS Gayakwad,WPL,0,27,8.46,25.37,36.83
Sohail Khan,Test,4,27,3.67,41.67,71.43
AA Rahayu,T20I,1,27,5.04,10.33,56.63
Hunain Shah,PSL,0,27,8.96,20.41,39.57
J Nkomo,ODI,1,27,3.82,17.85,67.02
J Maguire,ODI,3,27,5.08,36.78,58.4
J Theron,T20I,7,27,7.63,17.67,38.67
M Theekshana,CPL,7,27,7.11,22.7,46.81
Robiul Islam,Test,4,27,3.14,36.74,73.71
J Botha,IPL,0,27,6.92,29.63,38.62
T Lungameni,T20I,0,27,7.51,32.7,40.0
Sikandar Raza,PSL,0,27,8.41,27.37,28.27
IG Butler,T20I,7,27,8.04,17.81,40.95
KJ Abbott,T20I,7,27,7.87,20.11,41.79
RW Price,Test,4,27,3.17,37.63,74.35
Asif Ali,T20I,7,27,6.43,19.93,41.24
C Chukwuonye,T20I,1,27,4.4,6.7,63.56
EB Ringera,T20I,7,27,7.01,19.52,46.12
SE Bond,T20I,7,27,6.99,20.11,48.93
K Mirpuri,T20I,0,27,8.52,30.44,39.72
RM Haq,ODI,5,27,4.6,24.59,54.04
CN Greaves,T20I,0,27,7.53,21.52,32.61
SM Nash,T20I,7,27,7.09,17.56,47.13
W Peatfield,T20I,1,27,5.48,11.37,53.57
MN Samuels,T20I,0,27,7.89,23.63,33.81
HNK Jensen,ODI,3,27,5.12,34.0,55.44
K Goud,ODI,5,27,5.82,27.56,58.02
Arafat Sunny,ODI,5,27,4.33,20.59,55.84
PHT Kaushal,Test,4,27,3.92,40.93,61.24
J Goswami,T20I,7,27,5.83,20.56,51.14
JA Richardson,ODI,3,27,5.87,29.37,53.83
S Ishaque,WPL,7,27,7.7,19.63,40.68
S Ismail,WPL,7,27,6.59,26.26,55.26
JH Davey,ODI,5,27,4.82,23.67,60.8
Zahir Khan,BBL,0,27,7.39,29.41,34.42
BC Fortuin,ODI,5,27,5.26,27.37,49.11
Shahbaz Ahmed,IPL,0,27,9.76,39.59,26.79
KA Jamieson,T20I,0,26,9.69,34.96,38.01
Muhammad Jabir,T20I,0,26,8.55,26.46,37.89
V Mansale,T20I,1,26,5.71,15.73,55.35
Mukesh Choudhary,IPL,0,26,9.56,29.65,42.15
D Ravu,T20I,7,26,7.36,18.27,42.38
Lucas Rossi,T20I,1,26,4.95,11.08,52.15
Basil Thampi,IPL,0,26,9.72,32.54,31.23
Yasar Haroon,T20I,1,26,5.62,15.54,50.81
Panna Ghosh,T20I,1,26,5.42,14.12,54.19
P Sabu,T20I,1,26,4.98,8.23,61.24
SJ Benn,CPL,0,26,7.11,29.88,41.92
PR Stirling,ODI,3,26,4.99,46.69,48.84
N Nojic,T20I,1,26,4.71,10.77,59.1
SFM Devine,WPL,7,26,8.29,20.77,44.25
RS Primus,CPL,0,26,8.94,23.27,37.19
E Otieno,T20I,7,26,7.5,21.12,47.61
OE Taylor,T20I,7,26,6.82,12.42,46.83
Usman Khalid,T20I,7,26,5.94,19.69,48.36
BL Couch,BBL,0,26,8.98,25.5,31.6
Haseeb Amjad,T20I,7,26,7.17,13.19,45.99
Shoaib Malik,T20I,0,26,7.26,24.38,34.92
L Mabhero,T20I,7,26,6.5,25.15,46.69
HM Rowe,T20I,0,26,7.91,21.69,42.06
Sufyan Mehmood,T20I,0,26,8.47,28.23,29.04
PG Dooley,BBL,0,26,7.61,22.19,35.16
BV Sears,T20I,0,26,8.48,22.35,38.69
H Thaker,ODI,3,26,4.49,36.35,52.65
MP Kuhnemann,Test,5,26,3.24,21.35,71.5
BE Hendricks,T20I,0,26,9.15,24.12,36.74
Naveen-ul-Haq,IPL,0,26,9.05,22.73,35.71
C Karunaratne,T20I,0,26,8.19,36.19,30.04
Wahidullah Sahak,T20I,7,26,7.63,14.58,44.97
Vishil Patel,T20I,7,26,7.14,18.58,46.55
Nadeem Ahmed,ODI,5,26,4.38,24.88,63.25
Kushal Malla,ODI,3,26,4.29,29.62,55.48
NN Odhiambo,T20I,0,26,8.51,22.85,38.66
JE Ronalds,T20I,1,26,4.51,10.5,54.55
JD Cook,BBL,0,26,7.59,23.08,35.65
Sameen Gul,PSL,0,26,8.65,27.35,41.18
S Mahmood,T20I,0,26,9.22,23.81,38.71
AM Kamara,T20I,5,26,4.88,21.0,58.87
TS Mills,BBL,0,26,8.44,24.19,40.27
PM Seelaar,ODI,3,26,4.78,38.92,52.87
Anjar Tadarus,T20I,0,26,7.48,25.23,40.49
R Ravindra,T20I,7,26,6.88,16.92,42.71
SW Tait,IPL,0,26,7.97,24.62,46.06
XJ Doherty,BBL,0,26,7.73,30.04,33.17
Jaspreet Singh,T20I,7,26,7.1,18.42,41.73
AD Russell,BBL,0,26,8.64,29.69,35.07
L Wood,PSL,0,26,7.94,23.15,39.12
NG Smith,ODI,3,26,6.18,31.15,53.49
C Karunaratne,ODI,3,26,5.74,29.42,48.5
Zaker Taqawi,T20I,7,26,6.6,11.35,44.4
VD Adewoye,T20I,7,26,7.8,17.81,38.2
Kushal Malla,T20I,7,26,6.31,15.73,41.39
Rumana Ahmed,ODI,5,26,4.24,25.65,58.11
BA Stokes,T20I,0,26,8.44,31.12,33.74
Surya Anand,T20I,7,26,5.99,22.15,51.13
Aamer Jamal,PSL,0,26,10.36,29.88,36.67
Akash Madhwal,IPL,0,26,9.86,22.69,31.2
J Tuffin,T20I,7,26,6.48,17.5,51.54
S Glenn,ODI,5,26,4.34,21.04,57.07
S Dunukedeniya,T20I,1,26,3.7,4.58,67.88
Baseer Khan,T20I,7,26,6.64,17.88,48.81
RJ Sidebottom,T20I,7,26,7.14,16.81,43.6
RJ Peterson,T20I,7,26,7.54,17.35,40.95
Sajid Liaqat,T20I,0,26,9.27,22.15,42.9
LB Williams,T20I,0,25,9.54,24.92,34.18
V Ganesan,T20I,7,25,5.67,15.64,44.69
Prince Yadav,IPL,0,25,9.17,27.52,36.22
P Jayawickrama,Test,4,25,2.92,25.68,75.93
PWA Mulder,ODI,3,25,6.27,34.96,48.39
L Tshuma,ODI,5,25,4.5,24.2,54.84
XC Bartlett,ODI,1,25,5.19,20.16,57.98
CB Roposo,T20I,7,25,6.94,15.32,49.24
CB Mpofu,Test,4,25,3.44,47.16,73.43
FR Davies,T20I,7,25,6.82,21.36,45.53
Muhammad Moiz,T20I,7,25,8.35,14.8,45.86
NK Yadav,T20I,7,25,7.8,16.28,46.33
GB Hogg,IPL,0,25,7.45,22.8,37.04
GB Brent,ODI,3,25,4.83,35.48,62.28
CJPF Kalugamage,T20I,7,25,6.88,18.72,39.46
Mohammad Kamran,T20I,1,25,5.76,17.4,55.19
Ada Bhasin,T20I,1,25,4.51,14.68,63.73
G Kodali,T20I,7,25,6.1,21.44,51.8
B Shikongo,ODI,3,25,5.96,32.96,56.63
TP Kanwar,WPL,0,25,8.0,31.8,34.9
R Musamali,T20I,7,25,5.59,17.96,50.41
Yasir Shah,ODI,3,25,5.34,46.0,45.4
L Piety,T20I,1,25,4.45,7.6,57.42
R Kalimuthu,T20I,7,25,8.16,17.24,44.48
NK Aneesh Kumar,T20I,7,25,6.53,23.84,45.8
Waqar Ali,T20I,1,25,5.35,9.8,51.64
J Martins,T20I,7,25,6.86,11.2,45.31
Naveed Ahmed,T20I,7,25,7.1,21.64,41.58
J Shaju,T20I,7,25,7.75,18.56,41.78
D Paterson,Test,4,25,2.95,26.24,74.93
D Visser,T20I,7,25,6.69,17.88,41.15
M Dillon,ODI,5,25,4.53,28.96,60.48
CAH Stevenson,ODI,5,25,5.55,25.68,56.2
S Georgota,T20I,7,25,5.83,17.92,49.02
JEC Franklin,T20I,7,25,7.54,16.68,38.25
AR Nurse,CPL,0,25,7.79,34.96,40.42
Mehran Khan,T20I,7,25,7.02,20.92,42.73
M Magagula,T20I,7,25,8.3,18.6,44.05
JA Duffy,Test,5,25,2.35,16.28,81.04
RE van der Merwe,IPL,7,25,6.74,19.92,35.89
S Bau,T20I,7,25,6.3,17.84,44.47
Nadeem Ahmed,T20I,7,25,6.46,16.4,47.24
RJ Sidebottom,ODI,3,25,4.9,37.44,59.51
DB Sharma,Test,4,25,2.37,19.0,77.64
WP Masakadza,ODI,3,25,5.16,50.76,45.5
S Shillingford,CPL,0,25,7.24,26.36,41.21
J Hicks,T20I,1,25,4.58,9.32,53.11
DAS Gunaratne,ODI,3,25,5.2,28.92,42.93
Nasir Hossain,ODI,3,25,4.74,39.2,49.88
Naseem Shah,CPL,0,25,7.82,23.88,43.01
H Osinde,ODI,5,25,4.67,21.32,67.88
J Nyirankundineza,T20I,1,25,5.13,13.92,57.25
BAD Manenti,BBL,0,25,7.32,29.12,31.16
T Panyangara,Test,4,25,2.33,21.08,81.34
Khalid Zahid,T20I,7,25,7.06,22.16,46.71
K Ota,T20I,7,25,5.85,15.44,50.0
J Butler,T20I,7,25,6.97,14.12,42.43
S Solman,T20I,1,25,5.57,18.08,56.06
MPP San,T20I,1,25,4.7,14.36,56.11
NR Sciver-Brunt,ODI,5,25,4.74,29.16,56.88
HS Baidwan,ODI,5,25,5.33,28.56,56.22
Ali Raza,PSL,0,25,9.18,18.84,38.31
Irfan Hafejee,T20I,7,25,6.61,19.44,48.07
SM Ervine,ODI,5,25,5.25,27.12,51.61
Raza Iqbal,T20I,7,25,5.68,16.36,43.52
HL Colvin,T20I,7,25,5.15,13.12,42.67
Al-Amin Hossain,ODI,5,25,5.5,24.32,57.47
A Dhabe,T20I,7,25,6.21,19.12,47.4
I Khan (2),CPL,7,25,6.23,18.2,43.61
MK Thakur,T20I,7,25,5.92,18.72,48.52
Hassan Khan,PSL,0,25,7.83,34.96,33.13
E Kamara,T20I,1,25,5.34,16.12,55.63
V Araa,T20I,1,25,5.36,14.4,48.64
Shoaib Malik,Test,4,25,3.25,41.92,66.53
KP Meiyappan,T20I,7,25,7.06,14.68,36.86
P Kumbhare,T20I,1,24,4.59,11.71,61.58
OEG Baartman,T20I,7,24,8.21,19.79,46.11
N Tanner,T20I,7,24,7.5,17.5,41.67
AK Maguire,ODI,3,24,6.1,30.25,44.82
Raaz Mohammad,T20I,7,24,6.6,16.04,40.86
Ali Naseer,ODI,3,24,5.65,29.33,53.88
Utkarsh Jain,T20I,7,24,5.91,16.54,48.14
NP Dalgaard,T20I,1,24,4.78,14.62,53.06
BJ Dwarshuis,T20I,0,24,9.38,22.33,35.28
Sohag Gazi,ODI,3,24,4.72,30.08,55.94
AK Maguire,T20I,0,24,7.74,24.12,37.19
Abdur Razzak,Test,4,24,3.52,59.58,68.88
AS Rajpoot,IPL,0,24,9.06,33.92,39.52
A Adekunle,T20I,1,24,4.85,14.79,56.95
S Vashisht,T20I,7,24,6.49,18.75,53.12
Aizaz Cheema,ODI,5,24,5.4,24.71,52.81
Sultana Khatun,T20I,7,24,6.68,22.25,44.38
MPM Pathirannehelage,T20I,1,24,3.9,7.29,65.43
NN Odhiambo,ODI,3,24,5.81,36.12,58.77
Aamir Lal,T20I,1,24,5.61,10.29,50.38
P Mapotsane,T20I,1,24,5.92,12.29,57.86
L Delany,ODI,3,24,4.74,39.08,51.26
Iqbal Hussain,T20I,7,24,6.49,8.33,44.86
MA Nyabela,T20I,7,24,6.21,18.08,54.18
MM Letsoalo,ODI,5,24,3.38,20.17,71.21
HR Walsh,ODI,3,24,5.55,37.08,47.92
HRA Rainey,T20I,7,24,5.73,22.29,50.89
HV Mandhyan,T20I,7,24,7.13,19.5,45.69
Ihsanullah,PSL,7,24,7.65,16.58,43.59
PF Gallagher,T20I,7,24,6.12,12.96,42.62
MC Henriques,BBL,0,24,8.0,31.21,31.14
Sohail Tanvir,IPL,1,24,6.44,11.08,52.42
Khaled Mahmud,ODI,3,24,5.19,43.25,52.04
WG Jacks,T20I,0,24,8.59,20.75,35.06
B Arora,T20I,0,24,7.59,28.79,38.83
Amar Sharma,T20I,0,24,8.49,34.08,36.85
FA Allen,T20I,0,24,7.57,31.92,34.93
F Chipare,T20I,0,24,7.27,26.04,43.02
R Choden,T20I,1,24,5.32,13.29,52.78
N Dutta,T20I,7,24,6.59,20.88,39.04
C Bull,T20I,1,24,5.2,17.25,56.69
JT Ball,ODI,3,24,6.2,40.83,49.37
LA Marsh,Test,4,24,2.4,31.96,78.53
Abdullah Mahmood,T20I,7,24,6.24,13.88,38.12
JR Hopes,BBL,0,24,7.24,27.79,35.08
SW Masakadza,ODI,0,24,7.03,30.38,47.75
LS Barkania,T20I,1,24,4.88,11.79,55.75
TM McGrath,T20I,0,24,8.0,21.5,35.14
DNT Zoysa,ODI,5,24,4.52,24.25,64.9
Mohammad Ali,Test,4,24,3.74,40.25,70.82
D Abeyrathna,T20I,7,24,7.12,17.42,42.61
SJ Coyte,T20I,1,24,5.14,12.42,48.85
Waqas Ahmad,T20I,7,24,7.06,13.58,43.32
S Maduranga,T20I,7,24,7.07,18.17,43.51
Mohammad Irfan (4),PSL,0,24,9.13,24.54,36.95
NJ Carey,ODI,5,24,4.27,25.54,55.63
H Carlyon,T20I,7,24,5.94,15.71,49.87
M Daniels,T20I,1,24,4.92,20.21,58.54
JB Abega,T20I,7,24,7.01,16.17,53.61
Salman Mirza,T20I,7,24,6.41,15.46,52.45
KM Jarvis,T20I,0,24,8.81,22.46,38.69
Waseem Yaqoob,T20I,7,24,7.92,13.25,41.49
B Biza,T20I,7,24,6.94,20.54,39.2
B Fernando,T20I,0,24,8.36,28.79,37.1
Fawad Ahmed,PSL,0,24,7.38,27.33,34.15
B Kgosiemang,T20I,0,24,8.06,28.17,44.33
Aqib Ilyas,ODI,3,24,4.76,29.58,52.96
Muhammad Musa,PSL,0,24,9.56,26.75,38.21
WGAKK Kulasuriya,ODI,3,24,4.91,35.62,57.38
M Syrioti,T20I,1,24,5.72,16.46,54.35
PADLR Sandakan,T20I,0,24,7.27,23.21,34.35
H Celik,T20I,1,24,4.67,7.88,55.97
Aamer Jamal,Test,3,23,4.6,35.22,64.96
K Fubler,T20I,1,23,4.33,9.39,55.18
Rehan Ahmed,Test,5,23,3.97,29.87,65.51
L Chipanga,T20I,1,23,3.62,11.09,67.85
H Kaur,ODI,3,23,5.15,42.96,49.35
Aiman Anwer,T20I,0,23,7.37,33.87,36.75
H Lin Aung,T20I,7,23,7.07,16.91,46.36
Abbas Ghani,T20I,0,23,8.95,17.26,40.23
SC Kuggeleijn,CPL,7,23,8.29,17.65,43.88
V Jatinder Kumar,T20I,7,23,6.19,16.7,48.66
E Bisht,T20I,1,23,4.67,11.65,47.38
SC Ganguly,ODI,3,23,5.09,38.13,49.32
M Vumiliya,T20I,1,23,4.65,11.57,58.31
PE Kulume,T20I,1,23,5.47,16.61,54.42
BM Tickner,Test,5,23,4.0,26.26,68.8
MJG Nielsen,ODI,5,23,4.01,21.17,65.43
K Senamontree,T20I,7,23,6.85,18.57,50.27
CJ Jordan,Test,4,23,2.93,32.7,77.91
SK Awiah,T20I,7,23,6.44,12.74,40.29
A Galan,T20I,1,23,4.12,10.87,54.67
KV Morea,ODI,5,23,4.38,22.17,60.09
Cai Yuzhi,T20I,1,23,5.4,12.52,47.5
EC Bargna,T20I,1,23,5.52,15.57,60.67
AC Mushangwe,T20I,1,23,3.1,5.96,67.17
N Pokana,T20I,0,23,7.39,25.13,44.56
S Pradhan,T20I,7,23,6.83,21.39,43.52
E Anyipo,T20I,1,23,5.24,19.91,61.83
N Gwanzura,T20I,7,23,6.85,21.7,46.91
Zon Lin,T20I,1,23,5.01,14.09,65.21
KL Gordon,T20I,7,23,5.94,13.7,45.28
Pyae Phyo Wai,T20I,7,23,6.82,19.78,47.25
DT Tiripano,Test,4,23,2.76,48.96,76.73
Ehsan Khan,ODI,5,23,4.4,22.39,59.46
FH Edwards,T20I,0,23,8.1,26.83,42.89
B Masaba,T20I,7,23,5.49,14.39,43.92
F Eseigbe,T20I,1,23,4.86,14.35,51.11
JP Duminy,IPL,0,23,7.38,36.26,35.69
JR Lennox,ODI,1,23,4.23,17.09,53.23
SR Patel,ODI,3,23,5.6,46.48,40.79
Fiza,T20I,1,23,5.17,8.61,50.43
A Symonds,IPL,0,23,7.66,29.3,39.02
Mohammad Nadeem,ODI,3,23,5.53,32.48,51.17
A Symonds,Test,4,23,2.52,35.65,78.62
AM Peterson,T20I,7,23,6.28,12.57,40.58
G Stewart,T20I,7,23,6.91,21.7,43.65
CJ Metcalfe,T20I,7,23,5.76,15.83,46.97
GA Elwiss,ODI,5,23,3.8,22.65,65.74
Karri Gullem Keen,T20I,1,23,5.9,16.13,53.05
S Dhaniram,ODI,1,23,4.4,17.52,57.01
BW Hilfenhaus,IPL,7,23,7.66,20.83,49.07
DM Gondaria,T20I,1,23,6.29,11.17,52.24
P Utseya,T20I,0,23,7.28,33.48,34.65
Najjam Shahzad,T20I,7,23,7.02,19.13,45.74
MW Forde,T20I,0,23,8.59,28.7,44.69
WGAKK Kulasuriya,T20I,0,23,6.98,27.48,45.86
T Murphy,Test,4,23,3.2,26.91,72.07
TW Hartley,Test,4,23,3.16,34.57,71.49
D Johnson,T20I,0,23,7.76,24.3,39.12
S Muthusamy,Test,5,23,3.76,26.35,68.39
LA Dawson,PSL,0,23,7.79,28.61,36.49
P Agboya,T20I,1,23,3.79,9.35,65.88
Qais Ahmad,CPL,0,23,7.91,21.83,38.85
SP Narine,PSL,7,23,6.25,18.22,43.78
S Kato,T20I,1,23,5.01,21.0,54.75
SY Win,T20I,1,23,4.82,9.43,50.37
Kamal Soukhiya,T20I,7,22,7.83,16.73,46.45
DS Lehmann,ODI,7,22,4.99,22.14,45.13
AC Agar,ODI,3,22,5.23,43.55,45.9
Abdul Razzaq,T20I,7,22,6.71,16.68,47.26
Asif Afridi,PSL,0,22,7.44,23.23,41.02
Abdul Samad,T20I,1,22,4.16,10.41,65.45
O Thomas,T20I,0,22,9.14,29.0,40.57
Hamza Tahir,T20I,0,22,8.28,21.82,33.91
MD Shanaka,ODI,3,22,5.5,38.14,47.16
CO Obuya,T20I,7,22,6.51,15.18,45.13
HNA Conway,BBL,0,22,8.47,31.0,32.09
PI Walter,BBL,0,22,8.81,21.23,28.62
AD Russell,PSL,0,22,8.73,21.95,36.14
Imran Ameer,T20I,7,22,6.91,22.86,42.79
AJ Nair,BBL,0,22,7.68,26.86,28.57
K Gowtham,IPL,0,22,8.24,36.73,36.73
Xu Qian,T20I,1,22,3.47,12.23,66.45
AS Joseph,IPL,0,22,9.53,31.41,39.54
SC Williams,Test,4,22,3.1,46.23,67.04
MG Neser,Test,5,22,3.2,18.91,73.94
I Udana,ODI,3,22,6.33,41.91,44.85
NP Kenjige,T20I,0,22,7.52,25.18,39.37
Hussain Talat,PSL,0,22,9.21,26.59,28.87
H Masakadza,ODI,3,22,5.7,52.82,43.42
DAJ Bracewell,T20I,0,22,9.04,21.36,39.74
Amad Butt,PSL,0,22,9.76,30.91,31.1
Renuka Singh,WPL,0,22,8.28,37.14,47.47
J Bishop,CPL,0,22,7.32,24.91,44.54
J Bulele,T20I,7,22,7.14,19.32,44.26
DAM Louis,T20I,7,22,7.52,15.09,36.23
DAL Paramitha,T20I,1,22,4.42,15.0,62.95
SL Quintyne,T20I,7,22,5.5,16.82,41.09
MR Gillespie,Test,5,22,4.21,24.05,68.7
RMS Eranga,ODI,3,22,5.8,29.64,55.56
Sultana Khatun,ODI,5,22,4.03,27.64,62.91
ROC Dunka,T20I,0,22,8.35,29.36,43.97
H Venkataram,T20I,7,22,7.31,17.05,43.83
DJG Sammy,CPL,0,22,8.31,32.55,30.17
K Fletcher,T20I,7,22,6.64,17.55,51.0
WW Hinds,ODI,5,22,4.95,23.0,47.8
M Pretorius,CPL,0,22,9.36,30.27,34.19
S Asha,WPL,0,22,8.1,22.45,36.34
J Ramanandi,T20I,0,22,8.07,14.91,25.82
J Theron,CPL,0,22,8.2,25.95,32.3
AW O'Brien,BBL,0,22,7.26,25.73,33.76
T Murphy,BBL,7,22,6.74,21.14,35.02
Shafiul Islam,T20I,0,22,8.11,23.09,38.56
T Taylor,T20I,7,22,7.17,18.05,46.69
Gayan Munaweera,T20I,0,22,8.17,21.23,39.36
DK Shetty,T20I,7,22,6.55,16.27,52.74
T Perera,T20I,0,22,8.42,20.41,42.19
WPUJC Vaas,IPL,7,22,7.5,16.14,47.18
VY Mahesh,IPL,0,22,8.65,22.68,36.71
B Regmi,T20I,7,22,6.29,14.64,39.41
Salma Khatun,ODI,5,22,3.91,27.68,62.1
VJ Kingma,T20I,0,22,7.49,27.41,49.69
LS Livingstone,ODI,3,22,6.29,41.86,42.94
S Laomi,ODI,1,22,4.17,17.82,58.69
RD Berrington,T20I,0,22,7.6,23.36,30.54
SI Mahmood,Test,4,22,4.02,34.64,69.45
Ayaz Dadabhai,T20I,7,22,5.89,12.32,44.57
CJ Langford,T20I,7,22,6.46,18.59,48.42
S Venkataraman,T20I,1,22,4.09,7.23,63.09
JP Duminy,T20I,0,22,7.73,27.23,32.04
R Ova,T20I,1,22,4.2,9.68,60.2
JP Behrendorff,IPL,0,22,9.05,25.09,39.89
LCN Smith,ODI,1,22,4.33,19.09,58.59
Noor Ahmad,CPL,1,22,6.17,13.23,53.36
JOA Gordon,T20I,7,22,7.42,18.5,50.76
Anwar Rahman,T20I,7,22,5.94,14.68,45.4
B Muzarabani,PSL,7,22,7.77,19.36,42.55
Ezgi Nur Kilic,T20I,1,22,4.99,10.82,63.64
U Peace,T20I,1,22,4.23,14.09,59.77
C Green,ODI,3,22,5.75,39.5,51.6
Fariha Trisna,T20I,0,22,7.61,26.59,43.17
Bipul Sharma,IPL,0,22,8.06,26.0,32.63
FJ Klaassen,ODI,5,22,4.5,29.77,60.87
C Forshaw,T20I,7,22,8.02,14.27,39.15
Jakob Gul,T20I,7,22,7.21,19.23,38.35
A Karmacharya,T20I,1,22,4.61,10.27,56.8
EL Bartram,T20I,7,22,6.45,20.05,52.93
Umaima Sohail,T20I,7,22,5.75,15.5,42.13
N Burger,ODI,5,22,6.12,26.14,58.33
KMA Paul,T20I,0,22,8.99,29.36,33.64
N Deonarine,Test,4,22,3.03,29.59,68.09
P Cuinica,T20I,1,22,5.48,18.64,61.47
Zeefa Jilani,T20I,1,22,5.31,14.59,48.76
NW Bracken,T20I,7,21,6.95,20.86,44.97
OD Hald,T20I,7,21,7.01,18.52,48.95
M Yunusu Issa,T20I,7,21,7.14,18.48,47.55
MWR Stokes,T20I,7,21,6.71,24.24,42.86
H Bharadwaj,T20I,7,21,5.85,15.19,46.48
NR Johns-Wickberg,T20I,7,21,6.5,16.62,53.42
AB Kaur,ODI,3,21,6.17,32.52,52.56
Muhammad Farooq,T20I,7,21,6.93,19.14,46.55
R Padunglerd,T20I,1,21,5.8,16.33,51.55
Anureet Singh,IPL,0,21,8.92,29.67,36.28
AJ Hosein,BBL,7,21,6.79,18.76,40.23
AM Phangiso,T20I,0,21,7.77,21.1,37.72
M Hundal,T20I,1,21,5.56,11.52,46.36
Fayaz Khan,T20I,7,21,7.55,18.05,42.19
R Ngarava,Test,4,21,3.56,40.71,71.67
Soumya Sarkar,ODI,7,21,6.07,28.33,43.03
FC Jonas,ODI,3,21,4.59,40.52,54.86
DT Christian,ODI,3,21,4.91,28.33,47.46
Mohammad Sami,T20I,7,21,8.29,18.43,44.64
DJ Hussey,T20I,7,21,6.48,18.67,34.99
R Edwards,T20I,7,21,6.05,11.52,42.08
F Stoman,T20I,7,21,6.51,18.38,49.72
ST Gabriel,CPL,0,21,7.96,24.33,43.64
LL Dimba,T20I,1,21,4.93,16.9,50.93
LB Williams,ODI,7,21,6.05,23.81,55.44
GK Berg,T20I,7,21,6.49,15.19,50.51
GT Main,T20I,7,21,8.27,16.29,44.35
A Merritt,T20I,7,21,6.46,19.48,46.84
M Yanagida,T20I,1,21,4.62,13.1,49.86
Shoaib Rafiq,T20I,1,21,4.74,12.05,62.19
Mujeeb Ur Rahman,IPL,0,21,8.34,29.52,34.98
Tanzim Hasan Sakib,ODI,5,21,5.9,28.05,53.42
Taranjit Singh,T20I,7,21,7.4,17.14,42.12
Tashi Phuntsho,T20I,1,21,5.2,11.38,60.14
AS Joseph,PSL,0,21,9.19,28.1,42.34
Mohammad Nawaz (3),T20I,0,21,7.06,25.9,42.86
Mohammad Khan Rafah,T20I,7,21,6.94,11.24,43.14
Mohammad Hasnain,ODI,3,21,6.29,35.95,50.56
MBA Lamplough,T20I,7,21,5.79,18.52,49.38
STR Binny,ODI,1,21,5.35,20.9,53.86
Meet Bhavsar,T20I,7,21,6.71,14.81,41.37
KW Richardson,IPL,0,21,8.45,22.48,40.6
Kabir Ali,ODI,3,21,6.02,30.05,54.21
Usman Tariq,PSL,0,21,7.6,28.76,33.96
JDP Oram,T20I,0,21,8.62,37.76,33.15
JDS Neesham,CPL,0,21,10.1,23.57,36.73
Thuya Aung,T20I,7,21,6.02,17.1,48.04
Murid Ekrami,T20I,7,21,7.1,22.05,45.01
C Overton,Test,4,21,3.1,36.19,74.88
ML Castillo,T20I,1,21,5.72,10.9,47.08
BM Tickner,T20I,0,21,9.32,25.52,34.49
PP Ojha,ODI,3,21,4.47,31.05,53.08
DR Gibson,T20I,0,21,7.53,28.52,39.62
DA Blignaut,T20I,7,21,7.7,15.1,40.49
Amir Farooq,T20I,0,21,7.94,23.19,42.39
SI Kamea,T20I,7,21,7.2,22.05,46.89
T Hinds,CPL,0,21,10.51,29.19,32.0
Aizaz Cheema,Test,4,21,3.18,30.38,75.23
Shadab Khan,BBL,0,21,7.97,23.14,30.87
RP Meredith,IPL,0,21,9.42,29.14,40.0
CO Obuya,ODI,3,21,4.87,32.52,52.32
MG Johnson,BBL,7,21,6.15,21.67,51.13
Aliya Riaz,T20I,0,21,8.09,26.76,39.57
Waji Ul Hassan,T20I,0,21,7.62,22.19,36.78
Wang Huiying,T20I,1,21,5.14,18.19,51.12
Ebadat Hossain,ODI,1,21,5.47,21.1,55.97
Zaheer Zahiri,T20I,7,21,7.03,19.81,49.01
ZGF Foulkes,Test,4,21,2.99,25.62,77.15
MC Sorensen,T20I,7,21,7.34,15.95,44.53
C Viljoen,T20I,7,21,6.29,11.24,42.22
Zuhaib Zubair,T20I,7,21,7.51,19.14,38.63
N Burger,IPL,0,21,9.64,27.86,43.96
Agha Salman,Test,4,21,3.77,58.24,63.67
RMAM Avery,T20I,1,21,5.06,8.24,54.15
SP Narine,Test,4,21,3.08,40.52,74.8
L Ostergaard,T20I,1,21,5.31,14.67,50.0
L Phiri,T20I,7,21,6.36,20.1,46.23
ZGF Foulkes,T20I,0,21,9.25,27.1,40.11
XSD Smith,T20I,1,21,4.78,10.95,53.29
Mohammad Asghar,PSL,0,21,7.66,22.14,39.56
AAP Atkinson,ODI,3,21,6.1,33.67,54.96
Umm-e-Hani,ODI,3,21,4.67,33.57,51.82
AC McDermott,BBL,0,21,8.5,18.62,39.49
V Phiri,T20I,1,21,5.78,12.76,49.28
AC Thomas,BBL,7,21,6.8,23.0,40.85
Saim Ayub,PSL,0,21,8.11,33.33,33.98
Muhammad Jawadullah,ODI,3,21,5.76,33.05,56.85
TT Bresnan,BBL,0,21,8.55,19.33,31.93
AK Markram,ODI,3,21,5.84,57.95,44.52
LK Bell,Test,5,21,3.41,24.33,75.22
S Mosweu,T20I,1,21,5.58,16.38,56.76
Asif Shaikh,T20I,7,21,6.37,17.43,42.61
C Dickson,T20I,7,21,6.32,19.52,45.5
T Rossi,T20I,7,21,7.04,19.67,52.84
DN Wellalage,T20I,0,20,7.71,24.1,37.87
N Sibanda,ODI,3,20,4.82,43.0,61.12
KS Bagabena,T20I,7,20,6.88,27.25,48.84
T Panyangara,T20I,7,20,7.73,18.3,41.9
Yasir Mohammad,T20I,7,20,7.17,15.3,40.62
W Madhevere,T20I,0,20,7.21,28.9,35.76
W Madhevere,ODI,3,20,5.31,39.35,44.99
Agha Salman,ODI,3,20,5.83,53.1,47.3
M Muralitharan,BBL,7,20,5.7,17.4,34.97
Zeerak Chughtai,T20I,7,20,8.73,15.2,35.41
W Moutswi,T20I,1,20,4.16,12.25,62.61
S Sola,T20I,7,20,6.54,18.3,42.26
JA Richardson,T20I,0,20,8.42,27.8,40.15
Mohammad Hafeez,PSL,0,20,6.88,25.5,37.53
Rahat Ali,ODI,3,20,5.8,32.9,53.45
J Suchith,IPL,0,20,8.6,30.1,33.81
Umaima Sohail,ODI,3,20,5.2,35.85,48.91
MH Yardy,ODI,3,20,4.87,51.7,47.21
B Phelenyane,T20I,7,20,6.71,21.65,52.2
CA Henry,WPL,0,20,8.4,23.65,43.79
Sultan Ahmed (2),T20I,1,20,5.71,18.0,52.38
RMMP Rathnayake,Test,4,20,3.18,30.3,72.81
JKC Claxton,T20I,7,20,7.91,17.0,40.31
TG Norris,T20I,1,20,4.5,9.45,64.29
TD Smartt,T20I,7,20,5.79,21.0,51.49
WD Parnell,CPL,7,20,8.02,20.05,46.33
A Savvani,T20I,7,20,6.38,20.1,44.44
A Shahi,T20I,7,20,7.75,20.15,40.71
D Foerster,T20I,1,20,4.74,13.55,55.98
MR Adair,Test,4,20,3.68,34.3,73.82
Sangita Rai,T20I,1,20,4.75,9.85,47.79
RN ten Doeschate,ODI,3,20,5.57,31.8,55.33
Lucky Ali,T20I,7,20,6.02,16.25,49.69
Shashikant Laxman,T20I,1,20,5.5,13.8,51.16
Sheraz Sheikh,T20I,7,20,7.15,18.35,42.86
Umair Qasim,T20I,0,20,7.87,26.05,45.09
N Boje,ODI,3,20,4.5,34.5,52.93
S Jimmy,ODI,1,20,3.59,15.15,65.48
S Jegannathan,T20I,7,20,6.24,13.1,50.79
KS Gautam,WPL,0,20,7.82,23.85,43.44
JM Anderson,T20I,0,20,7.85,27.6,41.47
KJ Garth,WPL,0,20,8.03,22.15,42.6
KIC Asalanka,ODI,3,20,4.97,32.75,50.0
Shafiul Islam,Test,4,20,3.26,47.1,71.82
Anwar Ali,ODI,3,20,6.12,46.05,46.73
Meghna Rajan,T20I,1,20,2.79,5.45,70.51
L Wood,T20I,0,20,9.03,23.1,41.69
AA Gajic,T20I,7,20,8.22,18.7,40.66
KT Maphaka,T20I,0,20,8.8,32.5,38.15
M Daniels,ODI,4,20,3.88,32.45,65.04
R Ravindra,ODI,3,20,5.79,45.85,43.37
BTJ Wheal,ODI,5,20,4.01,20.6,65.91
ST Jayasuriya,T20I,0,20,7.31,21.15,33.14
DEM Carter,T20I,7,20,6.13,16.9,47.73
O Lefaga,T20I,1,20,4.21,8.7,69.35
DB Loic,T20I,1,20,6.26,16.6,57.86
C Sakariya,IPL,0,20,8.53,31.9,34.3
LL Tsotsobe,T20I,7,20,6.92,27.05,47.12
F Akankwasa,T20I,7,20,6.13,16.25,44.65
Sameera Khan,T20I,7,20,5.91,19.0,50.52
YS Blagg,T20I,1,20,5.01,7.35,71.02
Edward Fleming,T20I,7,20,5.86,14.6,39.8
Ubaid Shah,PSL,0,20,9.7,28.95,41.06
S Wetoto,T20I,1,20,5.44,8.75,46.11
NJ Carey,T20I,0,20,7.12,26.35,36.04
MM Ali,CPL,7,20,6.79,21.05,49.46
PM Siddle,ODI,3,20,4.94,37.15,59.58
Ali Khan,T20I,0,20,8.67,30.65,37.97
CK Jasmat,T20I,7,20,6.51,26.65,48.07
D Madushanka,T20I,0,20,9.53,31.45,38.64
HER Tyler,T20I,0,20,8.97,22.8,36.72
T Iosefo,T20I,1,20,5.13,10.3,53.94
CL Cairns,ODI,3,20,4.98,38.75,56.59
VR Aaron,Test,4,20,4.69,47.35,67.13
NA Greenwood,T20I,7,20,6.02,16.25,40.12
NA Saini,IPL,0,20,8.39,42.15,43.78
Danyal Raja,T20I,0,20,8.8,28.75,50.77
SB Styris,T20I,7,20,6.78,17.45,35.92
BB Sran,IPL,0,20,9.35,37.85,36.01
AR Nedd,CPL,0,20,7.21,27.35,43.96
CH Gayle,T20I,0,20,6.93,22.0,30.71
MK Villiers,T20I,7,20,6.66,14.1,43.31
CJ Anderson,T20I,0,20,8.12,29.25,36.57
Ahmed Daniyal,PSL,0,20,9.02,27.75,36.86
SPD Smith,Test,4,20,4.11,50.4,61.41
Arshad Khan,IPL,0,20,11.0,33.45,38.08
Azyan Farhath,T20I,1,20,5.87,11.0,48.0
D Koralalage,T20I,1,20,3.57,5.8,75.38
NT Ellis,IPL,0,20,8.6,27.3,32.55
BJ Webster,BBL,0,20,7.39,36.35,28.98
Muhammad Rohid,T20I,7,20,8.23,19.0,41.52
K Ndlovu,ODI,1,20,3.53,16.5,67.02
BA Carse,T20I,0,20,8.99,20.6,37.45
SC de Oliveira,T20I,1,20,5.9,8.65,52.84
I van der Woning,T20I,0,20,7.58,27.4,49.08
Khurram Chohan,ODI,5,20,5.08,21.9,58.41
IG Holland,ODI,5,20,4.45,23.3,58.6
DS Kulkarni,ODI,5,20,5.09,25.4,57.43
Adam Senn,T20I,7,20,6.14,13.3,50.38
A Nao,ODI,3,20,5.08,35.65,57.6
A Natubhai Ahir,T20I,1,20,5.16,17.25,52.37
FO Kibasu,T20I,7,20,6.16,13.7,42.32
M Jele,T20I,7,20,8.32,20.65,48.32
A Stocks,T20I,1,20,4.85,11.35,46.26
A Brindle,ODI,1,20,4.39,20.0,56.12
K Fraser,ODI,1,20,4.04,18.6,59.86
