team,form
Adelaide Strikers,0.4
Africa XI,0.25
Antigua Hawksbills,0.1
Antigua and Barbuda Falcons,0.6
Argentina,0.8
Asia XI,0.75
Australia,0.9
Austria,0.7
Bahamas,0.2
Bahrain,0.2
Bangladesh,0.6
Barbados,0.3333333333333333
Barbados Royals,0.2
Barbados Tridents,0.5
Belgium,0.2
Belize,0.3
Bermuda,0.8
Bhutan,0.3
Botswana,0.2
Brazil,0.5
Brisbane Heat,0.5
Bulgaria,0.1
Cambodia,0.0
Cameroon,0.6
Canada,0.1
Cayman Islands,0.8
Chennai Super Kings,0.5
Chile,0.0
China,0.3
Cook Islands,0.4
Costa Rica,0.3
Croatia,0.5
Cyprus,0.4
Czech Republic,0.5
Deccan Chargers,0.4
Delhi Capitals,0.5
Delhi Daredevils,0.4
Denmark,0.8
England,1.0
Estonia,0.5
Eswatini,0.5
Fiji,0.3
Finland,0.4
France,0.7
Gambia,0.1111111111111111
Germany,0.6
Ghana,0.6
Gibraltar,0.1
Greece,0.0
Guernsey,0.5
Gujarat Giants,0.5
Gujarat Lions,0.3
Gujarat Titans,0.7
Guyana Amazon Warriors,0.8
Hobart Hurricanes,0.6
Hong Kong,0.2
Hungary,0.2
Hyderabad Kingsmen,0.7
ICC World XI,0.14285714285714285
India,0.9
Indonesia,0.5
Iran,0.0
Ireland,0.3
Islamabad United,0.6
Isle of Man,0.6
Israel,0.3
Italy,0.3
Ivory Coast,0.0
Jamaica Kingsmen,0.5
Jamaica Tallawahs,0.4
Japan,0.6
Jersey,0.9
Karachi Kings,0.5
Kenya,0.9
Kings XI Punjab,0.4
Kochi Tuskers Kerala,0.4
Kolkata Knight Riders,0.5
Kuwait,0.4
Lahore Qalandars,0.5
Lesotho,0.3
Lucknow Super Giants,0.2
Luxembourg,0.3
Malawi,0.2
Malaysia,0.2
Maldives,0.4
Mali,0.1
Malta,0.3
Melbourne Renegades,0.3
Melbourne Stars,0.5
Mexico,0.4
Mongolia,0.1
Mozambique,0.4
Multan Sultans,0.5
Mumbai Indians,0.3
Myanmar,0.3
Namibia,0.3
Nepal,0.4
Netherlands,0.3
New Zealand,0.7
Nigeria,0.2
Norway,0.5
Oman,0.3
Pakistan,0.5
Panama,0.7
Papua New Guinea,0.5
Perth Scorchers,0.8
Peru,0.0
Peshawar Zalmi,0.9
Philippines,0.3
Portugal,0.8
Pune Warriors,0.2
Punjab Kings,0.4
Qatar,0.4
Quetta Gladiators,0.3
Rajasthan Royals,0.5
Rawalpindiz,0.1
Rising Pune Supergiant,0.7
Rising Pune Supergiants,0.4
Romania,0.6
Royal Challengers Bangalore,0.6
Royal Challengers Bengaluru,0.7
Rwanda,0.5
Samoa,0.4
Saudi Arabia,0.0
Scotland,0.6
Serbia,0.4
Seychelles,0.1
Sierra Leone,0.2
Singapore,0.4
Slovenia,0.0
South Africa,1.0
South Korea,0.4
Spain,0.9
Sri Lanka,0.5
St Helena,0.1
St Kitts and Nevis Patriots,0.4
St Lucia Kings,0.4
St Lucia Stars,0.3
St Lucia Zouks,0.6
Sunrisers Hyderabad,0.7
Suriname,0.2
Swaziland,0.0
Sweden,0.7
Switzerland,0.3
Sydney Sixers,0.7
Sydney Thunder,0.2
Tanzania,0.4
Thailand,0.5
Timor-Leste,0.0
Trinbago Knight Riders,0.3
Trinidad & Tobago Red Steel,0.7
Turkey,0.5
Turks and Caicos Island,0.25
UP Warriorz,0.3
Uganda,0.8
United Arab Emirates,0.6
United States of America,0.6
Uzbekistan,0.0
Vanuatu,0.2
West Indies,0.6
Zambia,0.3
Zimbabwe,0.2
